date,temperature,tavg,tmax,tmin,prcp,tsun,humidity,weight,activity
2017-01-01,-3.051726453177281,-4.911160714285715,-4.449999999999999,-4.202678571428571,-0.6285714285714287,-60,4.105814980158755,0.192020461309518,LOW
2017-01-02,-1.1178093097904283,-0.7325892857142856,-0.6999999999999997,-0.3455357142857145,0.22857142857142865,-54,4.974341765873021,0.192020461309518,LOW
2017-01-03,0.2289530155201316,0.7674107142857145,1.1214285714285717,1.583035714285715,-0.5214285714285716,-15,3.23728819444446,0.17343779761905864,LOW
2017-01-04,0.9441475516226152,1.4102678571428573,1.3357142857142856,2.011607142857143,1.407142857142857,-35,3.1349072420635196,0.12743846726193908,HIGH
2017-01-05,-0.6531876418297649,-1.589732142857143,0.26428571428571423,-4.524107142857142,-0.6285714285714287,42,-5.888493055555543,0.1411055803571557,HIGH
2017-01-06,-4.078540660075106,-2.3129464285714287,-6.271428571428571,-3.8276785714285713,-0.6285714285714287,453,3.63572569444446,-0.2138206101190434,HIGH
2017-01-07,-5.911766624102022,-1.1276785714285713,-5.95,-1.966071428571429,-0.5214285714285716,-28,0.9914548611110945,-0.114785491071423,LOW
2017-01-08,-1.2598669200741892,-1.1111607142857145,-0.5499999999999997,-2.002678571428571,-0.5285714285714287,-60,2.252898313492068,0.1706203918650786,LOW
2017-01-09,0.5083794934006205,0.060267857142857095,-0.41428571428571426,2.1401785714285713,-0.5714285714285714,-75,2.490016369047609,0.1779746626984462,HIGH
2017-01-10,0.9251725446428569,-0.39687500000000003,-0.02857142857142847,-0.5455357142857142,-0.5642857142857143,-10,-1.03013244047618,0.1642831994047782,HIGH
2017-01-11,1.6623236251294,1.9459821428571429,3.607142857142857,2.01875,0.6714285714285715,-115,0.8319439484127003,0.10287800595236263,LOW
2017-01-12,3.7218269269754995,4.445982142857143,4.0,5.7473214285714285,2.9714285714285715,-132,-3.184596230158718,0.10449586805552258,HIGH
2017-01-13,2.3068599637681153,2.9691964285714283,4.414285714285715,2.786607142857143,-0.02857142857142847,-146,-6.2673447420635,0.004837514880946969,HIGH
2017-01-14,0.2303492591873706,2.1285714285714286,0.6785714285714284,3.664285714285714,-0.12142857142857133,-150,-1.5342341269841455,-0.04962373015873567,LOW
2017-01-15,-0.3733409064441,1.1357142857142855,0.6714285714285708,2.2214285714285706,0.18571428571428578,-159,0.5376537698412704,0.08744246527778188,HIGH
2017-01-16,-1.4388264190821265,-1.6178571428571429,-2.75,-1.5339285714285724,-0.4142857142857142,-39,3.314131944444455,0.017191493055541684,LOW
2017-01-17,-1.7574502501725333,-0.999107142857143,-1.5875000000000004,-0.37678571428571495,-0.4142857142857142,-10,0.23719246031747332,0.18392202876982822,LOW
2017-01-18,-0.7959389341787433,-1.441964285714286,-1.6303571428571426,-1.7339285714285726,-0.3357142857142857,163,-1.3065446428571192,0.08044239583333734,LOW
2017-01-19,-0.8553696417788132,-1.8991071428571429,-0.43035714285714266,-2.7196428571428592,-0.09285714285714285,235,2.847134920634943,-0.09459546626982274,HIGH
2017-01-20,1.3449901149499661,0.18660714285714253,3.1767857142857143,-1.8410714285714294,-0.06428571428571428,205,-3.2983159722222126,-0.11849818948411439,HIGH
2017-01-21,0.9133897094979302,-0.2419642857142863,1.5767857142857142,-1.5267857142857153,-0.04285714285714286,161,-5.030539682539654,-0.08031295634923197,HIGH
2017-01-22,0.05295886494996438,-1.8705357142857149,-0.5589285714285714,-2.1053571428571436,0.0,100,-2.6900168650793717,-0.030741676587304312,LOW
2017-01-23,-2.894843429736025,-1.749107142857143,-5.016071428571429,-1.0446428571428577,-0.42142857142857143,84,3.3051071428571674,0.03592139384919335,LOW
2017-01-24,-3.4689956532522426,-1.0901785714285714,-2.1767857142857148,-1.883928571428572,-0.42142857142857143,-330,2.6462083333332913,0.059725143849220785,LOW
2017-01-25,-1.490584694185645,-1.427678571428571,-3.258928571428571,-0.11964285714285783,-0.45000000000000007,-304,1.0363293650793395,0.135765213293638,HIGH
2017-01-26,0.8243464641563154,0.54375,0.29107142857142887,1.7732142857142854,-0.4571428571428572,169,-4.472314484126969,0.06730665178572082,HIGH
2017-01-27,-0.19704973796584024,-0.6491071428571427,0.7910714285714286,-1.4982142857142842,-0.4642857142857143,268,-0.7288020833333348,-0.05068970734127731,HIGH
2017-01-28,-1.833190580788476,-3.4276785714285714,-2.8589285714285713,-3.4553571428571423,-0.5785714285714285,261,1.6332162698412986,0.011967584325404346,LOW
2017-01-29,-1.700170655408903,-2.649107142857143,-0.30178571428571477,-4.769642857142857,-0.5785714285714285,188,3.7733849206349106,-0.011558000992053508,LOW
2017-01-30,0.0610456014924079,0.6330357142857143,0.9910714285714288,-0.842857142857143,5.321428571428572,-186,1.552387896825394,0.058073249007939864,LOW
2017-01-31,1.177038479123535,1.9785714285714284,0.47857142857142865,2.8357142857142854,-0.6,-197,0.587576388888877,0.07266846726189158,HIGH
2017-02-01,0.6818650222135965,0.44285714285714306,-0.9142857142857137,1.7785714285714285,-0.19999999999999996,-188,-0.4682718253968119,0.10731027777777058,HIGH
2017-02-02,0.7918145725500345,1.457142857142857,0.10000000000000053,2.7857142857142856,-0.5,-192,-0.6636557539682144,0.16608266865079457,LOW
2017-02-03,2.2817025243702567,2.628571428571428,4.35,2.4142857142857146,-0.5,-114,1.1435962301587352,0.1577147767857099,HIGH
2017-02-04,1.878314731064524,2.628571428571429,2.7214285714285724,1.6785714285714284,0.9999999999999999,106,-0.9591666666666612,0.1211668452381005,HIGH
2017-02-05,2.317104889147691,2.6071428571428577,3.435714285714286,2.3785714285714286,-0.6000000000000002,267,0.46576388888888687,0.06192279761904018,HIGH
2017-02-06,1.3063997293392013,1.4714285714285715,1.4214285714285717,1.4071428571428573,-0.17857142857142858,-116,-0.13570833333334065,0.026219146825390283,HIGH
2017-02-07,1.1924159226190465,0.25,0.2071428571428564,0.4714285714285714,0.12142857142857141,-42,0.2905803571428578,0.06677301091270493,HIGH
2017-02-08,-0.29099799430641937,-1.3857142857142857,-1.1499999999999995,-0.6785714285714287,-0.15,142,0.8087276785714295,-0.0014900148809289249,HIGH
2017-02-09,-3.1420163366977203,-3.807142857142857,-6.128571428571427,-2.9571428571428573,-0.2714285714285714,-252,-0.49935119047619025,0.03571726190477875,LOW
2017-02-10,-1.6916732434006185,-2.635714285714286,-5.707142857142857,-0.41428571428571426,-0.3428571428571429,-260,-0.030015873015855732,0.08467998511902408,LOW
2017-02-11,0.5731262961525179,-1.1,0.6214285714285719,-2.257142857142857,-0.2285714285714286,244,2.664374007936516,0.042329206349229764,HIGH
2017-02-12,-1.0980309351276727,-1.9571428571428577,-5.107142857142857,-0.14285714285714302,-0.23571428571428574,-221,3.414522817460295,0.05685750000002088,LOW
2017-02-13,2.05174640916149,0.535714285714286,2.8642857142857157,1.0357142857142858,-0.35714285714285715,195,-1.3511359126984104,-0.03703693452381884,HIGH
2017-02-14,1.2306511829278808,0.5821428571428573,2.4857142857142867,-0.8214285714285718,-0.4714285714285714,357,-2.2094464285714395,-0.10426749007937985,HIGH
2017-02-15,-0.6743461956521717,-1.0178571428571432,1.8285714285714292,-3.428571428571429,-0.5285714285714286,372,-2.954405753968274,-0.10530293650794675,HIGH
2017-02-16,-1.1628100597394777,-1.0178571428571428,1.9857142857142875,-2.75,1.185714285714286,47,-1.0885074404762207,-0.13796891865074912,HIGH
2017-02-17,-0.8887950019409914,1.3964285714285722,-0.06428571428571317,2.3857142857142857,0.4857142857142859,-63,0.03537152777779795,-0.009661036706368975,LOW
2017-02-18,-0.7405884133454101,0.42857142857142794,-1.4642857142857135,-0.11071428571428577,-0.6142857142857142,-209,1.1206924603174855,0.03744878968250731,LOW
2017-02-19,-2.205813118961352,-2.757142857142858,-2.321428571428573,-4.146428571428571,-0.5142857142857142,-128,3.2839077380952517,0.07353531249997758,HIGH
2017-02-20,-0.5264055932971043,0.6714285714285699,-1.6285714285714281,2.2107142857142854,0.5285714285714287,-227,3.8158516865079264,0.09845847718255385,LOW
2017-02-21,2.203007451259486,-1.442857142857143,0.9857142857142858,-1.5392857142857141,0.5571428571428572,-199,7.599210813492078,0.15908951884922118,HIGH
2017-02-22,1.8889366502760527,2.9785714285714295,-0.3285714285714274,5.703571428571427,-0.714285714285714,-165,6.998348710317458,0.14586529761905354,LOW
2017-02-23,2.1656819541494112,3.035714285714284,4.657142857142857,2.853571428571428,-0.1857142857142855,0,1.054082341269833,0.11630261904763017,HIGH
2017-02-24,-1.3797596995772974,-1.5142857142857142,-2.0142857142857142,-2.132142857142858,-1.3071428571428572,189,-9.109912698412685,0.04092903769840461,LOW
2017-02-25,-2.656675993141823,0.9999999999999991,-1.2499999999999964,0.7392857142857139,-1.3071428571428572,142,1.4601865079365268,0.10189165178576332,LOW
2017-02-26,0.49549920742753706,-0.10714285714285676,1.8000000000000007,-1.6178571428571429,-1.4857142857142858,155,-3.230263392857154,0.05208171626983216,HIGH
2017-02-27,4.080752583678397,2.478571428571427,3.614285714285714,2.6964285714285707,6.2785714285714285,76,-4.242414186507929,-0.0609765178571422,HIGH
2017-02-28,-1.1484326960403717,-1.6678571428571436,-2.0928571428571434,-0.567857142857144,1.0071428571428571,-54,1.5769022817460439,-0.04344214285716674,LOW
2017-03-01,-2.255967806461351,-1.4678571428571425,-1.8857142857142843,-0.4392857142857154,0.7000000000000002,-150,2.3956676587301615,-0.0025810813492199713,LOW
2017-03-02,-0.5535554132160083,0.9892857142857139,-0.6142857142857157,2.2821428571428566,-2.2071428571428573,120,-7.216417658730151,0.013480000000001269,LOW
2017-03-03,-0.21306808143546974,-0.4178571428571445,-0.05000000000000249,-1.710714285714286,-2.2071428571428573,75,-7.1361592261905,0.026595233134905527,HIGH
2017-03-04,1.9517601168909575,1.8857142857142843,5.12857142857143,-2.2357142857142867,-2.2071428571428573,189,-3.6495595238095007,-0.014642013888874317,HIGH
2017-03-05,1.05557530193237,0.9857142857142858,1.1928571428571448,1.5214285714285705,0.3928571428571428,-51,-3.485764880952388,-0.05011937499999419,HIGH
2017-03-06,-1.420029756513113,-0.9928571428571429,-2.5500000000000007,1.3857142857142857,0.55,-225,3.6994796626984225,0.008964027777778938,LOW
2017-03-07,-1.783049671109385,-1.2428571428571429,-2.864285714285714,0.7285714285714291,-1.3785714285714288,-113,5.962121527777782,0.010326403769838066,LOW
2017-03-08,-2.7625118044772297,-1.7071428571428582,-3.307142857142855,-1.3428571428571432,3.7928571428571427,-273,5.005036210317471,0.07085973214290675,LOW
2017-03-09,0.893461485291585,1.985714285714284,1.7500000000000018,3.6999999999999997,6.992857142857144,-223,6.440037698412709,0.059931220238098604,HIGH
2017-03-10,-0.19304376078329888,-0.385714285714287,-2.0857142857142836,-1.2714285714285714,-1.45,-43,-3.031202876984125,-0.10315755456350217,HIGH
2017-03-11,-1.2848536479899941,-1.9642857142857162,-0.44285714285714306,-1.1571428571428566,-2.4,80,-0.9766810515872919,-0.13100532242062712,HIGH
2017-03-12,-1.1099356506642462,-1.4714285714285724,0.2857142857142865,-2.9928571428571424,-2.2357142857142858,384,-5.188518849206332,-0.2942073065476265,HIGH
2017-03-13,-1.8169671346618337,-2.4785714285714286,-0.9714285714285733,-1.9214285714285717,-2.0785714285714287,203,-4.175359623015879,-0.3037015178571423,LOW
2017-03-14,-0.5996952132936499,-0.242857142857142,2.3071428571428587,-3.457142857142857,-2.435714285714286,280,-3.11777876984128,-0.3205049107142983,HIGH
2017-03-15,0.8908911587732913,1.192857142857143,1.5000000000000018,0.30000000000000027,-2.0785714285714287,-103,1.5422385912698218,-0.09985792916668146,HIGH
2017-03-16,2.237138232185993,1.4214285714285726,4.12857142857143,-1.3714285714285714,-1.485714285714286,394,3.7865218253968322,0.07887083571428377,HIGH
2017-03-17,0.7781149300163896,0.9142857142857146,1.757142857142858,-1.25,0.514285714285714,50,-2.7042276785714137,0.35753865317458633,LOW
2017-03-18,-1.107197919362493,0.028571428571430246,-2.742857142857142,2.364285714285714,11.814285714285715,-261,2.4620600198412603,0.3043983357142963,LOW
2017-03-19,0.9704265716657972,1.9285714285714288,0.06428571428571317,3.7071428571428573,-1.185714285714286,-232,6.499908234126977,0.3073050371031556,LOW
2017-03-20,0.17980857110508452,1.9499999999999993,-0.39464285714285907,4.499999999999999,-1.485714285714286,-263,-2.7699588293650947,0.2376028099206593,HIGH
2017-03-21,-1.326870123253105,-0.5196428571428573,-2.4589285714285705,0.27857142857142847,3.614285714285714,-291,-0.6339960317460225,0.1566526809523623,LOW
2017-03-22,-2.954221139039852,-3.788134765625001,-7.394642857142856,-0.4500000000000002,-1.3857142857142857,-320,4.895225694444434,0.02664110992063229,LOW
2017-03-23,-1.2148371910584856,-1.556255231584819,-1.233928571428569,0.21428571428571352,-1.4857142857142858,-254,10.173060515873019,0.04947453115080691,HIGH
2017-03-24,-0.2675993406012793,-2.1457654680524545,-2.386607142857139,-0.6857142857142859,-1.342857142857143,-148,8.134229662698402,-0.03549681805554883,LOW
2017-03-25,-1.7221555097265373,-1.5119588579450358,0.013392857142859427,-2.8964285714285722,-0.3928571428571428,315,2.684089781746053,-0.09864843511903842,HIGH
2017-03-27,-0.46793320339458333,-0.7619588579450323,1.7348214285714256,-3.4749999999999996,-0.3714285714285714,346,-3.758814980158718,-0.37992447182539735,LOW
2017-03-28,-0.08098866837043062,1.2451839991978257,1.5883928571428534,-3.8892857142857142,-0.3714285714285714,314,-5.810492559523794,-0.4415858656745968,HIGH
2017-03-29,0.934130847243793,2.1701839991978265,2.14910714285714,3.4178571428571427,-0.0071428571428571435,63,-12.497152777777785,-0.49533060773811144,LOW
2017-03-30,2.3577761478821557,2.089785003662108,3.2491071428571416,1.882142857142858,0.0,166,-7.276434523809527,-0.4745774156746094,HIGH
2017-03-31,2.7223777028338603,2.277441951206752,3.28482142857143,1.6749999999999998,0.0,172,-7.047438492063506,-0.27263225198412044,HIGH
2017-04-01,1.9709154384489445,1.9911844526018427,2.4937499999999986,1.5178571428571432,0.0,112,-8.471229166666674,-0.09042889384918595,HIGH
2017-04-02,0.8647326140873055,0.8790343148367725,1.7419642857142819,1.2035714285714292,0.0,-152,-2.2328402777777967,-0.02144118055554145,LOW
2017-04-03,0.3271871225845402,1.3916125706263944,2.000892857142855,2.053571428571428,0.0,-88,-0.8410758928571482,0.08083579365077753,HIGH
2017-04-04,-0.865501365165624,-1.49410171508789,-0.5973214285714281,-1.1035714285714286,0.0,-117,1.7351056547618953,0.04068848710316786,LOW
2017-04-05,-1.5519866653726702,-1.3316017150878903,-1.7258928571428598,-1.903571428571428,0.0,-6,0.6872743055555617,-0.08753559027777413,LOW
2017-04-06,-1.5391383216873677,-2.5845383780343187,-3.1901785714285698,-0.3392857142857144,-0.028571428571428574,-36,3.0929241071428635,-0.16047270337301,LOW
2017-04-07,-2.088772856280201,-2.059275054931641,-4.658035714285713,0.40357142857142936,-0.028571428571428574,-274,7.443955853174629,-0.1293948809523897,LOW
2017-04-08,1.1108036620082835,0.3588066101074219,0.05892857142857366,0.5392857142857137,-0.09285714285714286,-113,7.309110119047631,-0.2637195783729851,HIGH
2017-04-09,2.2053149391821947,1.617857142857142,1.3446428571428584,-2.8499999999999996,-0.17142857142857146,410,6.173404761904763,-0.11267499503971123,HIGH
2017-04-10,2.4426169944789464,1.310714285714285,1.7339285714285708,0.2142857142857144,-1.3499999999999999,328,0.6239875992063162,0.4598215873015761,HIGH
2017-04-11,0.751955684955135,-0.23214285714285765,0.24464285714285694,0.5928571428571425,-1.3714285714285714,95,6.685051587301601,0.7780493799603363,LOW
2017-04-12,0.7877824771394053,3.3535714285714278,4.830357142857144,0.27857142857142936,-1.3785714285714286,-38,-2.494142361111116,0.6404502777777736,LOW
2017-04-13,0.5095443668046862,2.5464285714285726,1.3874999999999993,2.5785714285714283,-0.9785714285714285,-170,-6.644087301587305,0.32489423611112755,LOW
2017-04-14,0.4611208182367186,1.6464285714285722,2.394642857142859,1.6214285714285714,-1.3785714285714286,-42,-4.907468750000021,0.24521437003969737,HIGH
2017-04-15,-0.0759168801759813,1.7750000000000004,0.8803571428571431,3.0357142857142865,-0.5357142857142857,-311,-6.292031249999994,0.240130669642852,LOW
2017-04-16,-0.9755343038302264,-0.7392857142857148,-1.798214285714284,1.6642857142857146,-0.33571428571428563,-162,-1.8735798611110965,0.10696394841268386,HIGH
2017-04-17,-0.9794407802794964,-2.5928571428571434,-3.549999999999999,-0.42857142857142794,15.064285714285715,-203,5.461465773809536,-0.02194772817462365,LOW
2017-04-18,-1.6860260718599065,-3.721428571428571,-3.2071428571428555,-2.1499999999999995,-1.1357142857142857,32,7.313448412698392,-0.24131308035713062,LOW
2017-04-19,-1.930080227743261,-4.314285714285715,-5.2071428571428555,-3.342857142857143,-1.3857142857142855,5,4.1821607142857005,0.07824441964285,LOW
2017-04-20,-0.29721374439267834,-2.7214285714285715,-0.8571428571428559,-4.735714285714286,-1.4642857142857142,493,1.0417455357142842,-0.1517746924603003,HIGH
2017-04-21,0.5895883497239467,1.7999999999999998,3.7571428571428562,-1.8857142857142852,-1.4642857142857142,187,-3.1983105158730183,0.06395604166668534,HIGH
2017-04-22,0.4488791235334624,2.257142857142858,-0.12142857142857189,2.935714285714285,-0.6000000000000001,-203,-4.114762400793637,0.018214330357139374,LOW
2017-04-23,-1.1052602290372704,-0.7142857142857144,-1.8285714285714274,-0.5571428571428578,-1.3214285714285714,-131,-5.555638392857134,0.03701823908729551,LOW
2017-04-24,0.9661700267425815,1.571428571428572,4.292857142857143,-3.385714285714286,-1.7642857142857142,406,-7.4354007936508,-0.03597027281747245,HIGH
2017-04-25,-0.026337653122830318,0.4214285714285717,1.0142857142857142,2.357142857142857,-3.2571428571428567,-226,-0.9789990079364941,-0.0019764583333454766,LOW
2017-04-26,-0.29010725284678784,-1.5785714285714292,-3.0928571428571434,0.9857142857142862,-3.1071428571428568,-207,5.085862599206322,-0.006295664682539837,LOW
2017-04-27,-0.46492207988268675,-1.5357142857142856,-2.1571428571428584,0.6571428571428566,-4.228571428571429,-174,6.068754464285732,0.025604717261892063,LOW
2017-04-28,0.11542496118012124,-0.14285714285714235,1.0428571428571427,-0.2928571428571427,-4.328571428571428,299,-0.1956160714285886,-0.04143814484126551,HIGH
2017-04-29,0.8586524348688691,0.4214285714285708,1.2714285714285722,0.1642857142857146,-4.271428571428571,79,-1.4587132936507885,-0.2854817708333215,HIGH
2017-04-30,1.3969834411663236,1.5928571428571452,3.6357142857142897,-3.1285714285714277,-4.378571428571428,538,-4.306625496031742,-0.20932100694444955,HIGH
2017-05-01,-0.9617863424128714,-1.3285714285714292,-2.357142857142854,-0.09999999999999876,18.314285714285713,-173,1.3439771825396747,-0.10717005952380276,LOW
2017-05-02,-2.0473630440174198,-2.0714285714285694,-4.807142857142855,0.14285714285714235,16.814285714285713,-212,3.8206160714285744,-0.10922470238093496,LOW
2017-05-03,-1.272242335770354,-1.2571428571428562,-3.428571428571427,-0.621428571428571,3.4642857142857135,-263,3.1377951388888903,-0.21618387400793893,LOW
2017-05-04,-0.5077371597869202,0.25,0.5857142857142872,2.8642857142857148,2.9571428571428564,-177,2.9258740079364998,-0.4546402430555432,HIGH
2017-05-05,-0.6034174134101065,-0.7928571428571427,-0.5500000000000007,1.1785714285714288,-4.342857142857143,-221,6.9059226190476295,-0.6912337748015815,HIGH
2017-05-06,0.6374872730115619,2.314285714285715,4.5142857142857125,-1.685714285714286,-4.464285714285714,370,-6.947017361111094,-0.8429945783730091,HIGH
2017-05-07,0.21411909883971347,1.9857142857142875,1.0928571428571452,4.442857142857142,-3.2785714285714294,-223,9.14267113095238,-0.3030003025793917,HIGH
2017-05-08,-0.34495389870168225,-1.764285714285716,-5.157142857142857,-0.22857142857142954,-3.0571428571428574,-260,9.46008978174605,-0.06922795952380767,LOW
2017-05-09,-1.8512124875992022,-4.4642857142857135,-5.96428571428571,-4.271428571428572,-1.6428571428571428,-69,6.781286706349206,-0.5075473633928524,LOW
2017-05-10,-1.1075090930167377,-3.4785714285714278,-1.5357142857142847,-7.014285714285716,-1.0857142857142856,456,7.5508859126983765,-0.29533005798610645,HIGH
2017-05-11,0.26393267716960267,0.6357142857142861,2.671428571428571,-3.5214285714285705,-3.1857142857142855,88,8.49717708333334,0.7872985233630914,LOW
2017-05-12,0.2959106361068038,1.1214285714285719,0.5785714285714292,3.8428571428571434,-3.7785714285714285,-231,2.9061651785714275,-0.27548266711309566,HIGH
2017-05-13,0.6263765500992022,1.4214285714285726,1.678571428571427,2.3928571428571423,-2.0785714285714283,-34,0.4931046626983999,-0.8016763278273658,HIGH
2017-05-14,0.20880960738008625,0.7571428571428562,1.3500000000000014,3.0999999999999996,0.7285714285714291,-226,-0.01513888888890591,-0.6246053258432482,HIGH
2017-05-15,0.1662604813664572,0.5928571428571434,0.3571428571428541,2.12857142857143,-3.664285714285714,-22,-0.9430674603174793,-6.701517032390868,LOW
2017-05-16,1.4065542076431967,1.257142857142858,1.8785714285714263,-1.4785714285714286,-3.664285714285714,341,-8.186624007936494,-5.02896750104167,HIGH
2017-05-17,2.272220432194615,3.5571428571428534,4.664285714285711,0.9499999999999993,-3.664285714285714,382,-11.84758978174603,-7.269838181894833,HIGH
2017-05-18,1.6607139406487228,3.7714285714285687,4.235714285714284,3.5928571428571434,35.85,72,-9.1030476190476,4.224331762450376,LOW
2017-05-19,-1.6792742947722523,-2.1142857142857174,-2.2142857142857153,-1.1500000000000021,1.85,-424,-1.540389384920644,3.7851703189979986,LOW
2017-05-20,-2.0964651591614967,-4.671428571428571,-5.314285714285717,-3.4642857142857153,-3.5285714285714285,-28,-0.11918253968254788,2.2931289648313538,LOW
2017-05-21,-0.9738505326949678,-2.8785714285714317,-2.9785714285714313,-4.585714285714284,-3.2142857142857144,160,1.6272539682539673,1.5846730025297475,HIGH
2017-05-22,0.2699067244651481,-1.0857142857142854,-2.7214285714285715,1.5714285714285712,-3.6714285714285713,-176,-0.8022743055555352,1.0340503122519706,HIGH
2017-05-23,-0.6267211978088412,0.4214285714285708,1.3000000000000007,-1.0999999999999979,-3.6785714285714284,-77,1.2703650793650851,0.6553183173115187,LOW
2017-05-24,-2.1254720820393302,-2.4571428571428573,-4.978571428571428,0.014285714285716011,-3.6785714285714284,-285,-0.11804960317461166,-0.29350235119048307,LOW
2017-05-25,-0.4069375323498967,-2.0214285714285722,-1.085714285714289,-1.8214285714285694,-0.8571428571428571,-48,3.055211805555544,-0.594513740079357,LOW
2017-05-26,0.31047267512076715,-0.31428571428571317,-0.24285714285714377,-1.792857142857141,-0.4642857142857143,249,1.5046155753968122,-0.36536249007935595,HIGH
2017-05-27,1.0544214652346469,1.6571428571428548,2.0214285714285722,0.06428571428571139,-1.2285714285714284,253,-0.9722147817460467,-0.03912964781747519,HIGH
2017-05-28,1.6074138090924812,2.9714285714285715,4.157142857142862,-0.06428571428571672,-1.364285714285714,254,-2.8366125992063544,0.2357902083333272,HIGH
2017-05-29,2.2440988181504373,4.835714285714285,6.635714285714297,3.8785714285714263,4.957142857142857,18,-1.5086711309523793,0.5097577380952458,HIGH
2017-05-30,0.7873869155452127,2.121428571428577,2.9785714285714313,3.9571428571428537,-1.4071428571428568,-187,1.827528273809527,0.5374433680555484,LOW
2017-05-31,0.6434200526225062,0.6428571428571459,-1.0071428571428562,1.9714285714285698,-1.5285714285714285,67,-1.001270337301598,0.25271147321426213,LOW
2017-06-01,0.941109753613599,0.7428571428571438,0.4357142857142833,0.15714285714285303,-1.5285714285714285,116,-3.512177965167531,0.1775342355599463,HIGH
2017-06-02,1.657899522419676,2.5500000000000007,3.3999999999999986,-0.07857142857143273,-1.807142857142857,304,-4.139351576278642,0.14348341710756074,HIGH
2017-06-03,1.3184444779924824,2.557142857142857,3.50714285714286,3.1357142857142826,8.892857142857142,-38,-1.6201893738977162,0.4218376780202533,HIGH
2017-06-04,-1.050506608964028,-1.2428571428571473,-2.892857142857146,0.6928571428571413,0.09285714285714275,-284,1.96625953483246,0.5359260510361565,LOW
2017-06-05,-1.2401695553926082,-3.5142857142857196,-6.171428571428574,-0.5,-0.24999999999999978,-404,3.686916280864189,0.2962907385361575,LOW
2017-06-06,-2.085022913311871,-3.1214285714285737,-2.421428571428571,-1.1428571428571406,-0.44285714285714295,-273,5.263660328483255,0.1685958675044077,LOW
2017-06-07,-3.938280094988894,-5.064285714285713,-5.814285714285713,-2.7571428571428562,-1.0428571428571427,30,4.703297729276912,-0.17758747574958988,LOW
2017-06-08,-0.9786842266697242,-1.7142857142857153,-1.2928571428571374,-2.814285714285715,-1.3428571428571427,149,1.7281121582892496,-0.9001141793430492,HIGH
2017-06-09,-0.5855007428494794,-0.8500000000000014,0.22857142857142776,-0.8857142857142843,2.557142857142857,-102,-1.904441358024691,-0.9222437852733663,HIGH
2017-06-10,0.31845715915190453,-0.678571428571427,0.47857142857142776,-1.5714285714285712,-0.5785714285714286,93,0.27665090388004643,-0.7281730015432117,HIGH
2017-06-11,1.6849739810980786,3.5142857142857125,5.2928571428571445,-0.44285714285714484,-0.44285714285714295,191,-1.3118123897707434,-0.5187087455908141,HIGH
2017-06-12,1.4506541053216786,2.8500000000000014,0.6928571428571395,2.6928571428571413,-0.3642857142857143,39,-4.12246715167548,-0.008063562059078322,HIGH
2017-06-13,-0.26606847274940293,-1.7428571428571438,-1.7214285714285715,-0.9428571428571431,-0.3,-58,-3.944625385802496,-0.07719865630512857,HIGH
2017-06-14,0.4024778851942443,-1.0142857142857125,-0.5785714285714292,-1.4571428571428573,-0.2785714285714286,221,-0.37628262786595457,-0.05345080908290356,LOW
2017-06-15,0.500012185669668,1.3285714285714292,2.933928571428577,-0.5142857142857142,-0.2785714285714286,69,2.189643353174617,0.2276377876983986,LOW
2017-06-16,-1.602520379892784,-1.8000000000000007,-4.237499999999994,0.2857142857142865,0.0,-330,-0.09614236111109165,0.3294583482142741,LOW
2017-06-17,-3.423527734102578,-5.321428571428568,-7.86607142857142,-2.485714285714284,0.0,-374,1.5356701388888894,0.08398060019840159,LOW
2017-06-18,0.31579353271935773,-1.0857142857142819,-1.1089285714285673,-0.04999999999999716,0.0,134,3.240815476190477,0.08905893849205881,HIGH
2017-06-19,1.2679528559595248,1.307142857142857,3.419642857142861,-1.785714285714283,-0.0071428571428571435,231,-1.4143377976190408,0.19158928571430067,HIGH
2017-06-20,1.7451975182265933,2.9642857142857117,5.362500000000004,-0.9214285714285708,-0.014285714285714287,242,-2.2559533730158776,0.2723675992063477,HIGH
2017-06-21,1.9153147466634337,3.3999999999999986,4.0625000000000036,3.5142857142857142,-1.75,151,-0.5495783730158692,0.2501079414682579,LOW
2017-06-22,1.9170170812873444,4.228571428571431,2.76607142857144,1.071428571428573,-2.1785714285714284,31,-0.36287301587300647,0.29529415674603854,HIGH
2017-06-23,0.6706054612045236,1.821428571428573,0.841071428571432,3.664285714285713,-2.1785714285714284,81,-0.47269791666667516,0.3134594642857138,LOW
2017-06-24,-0.19073115025164,0.12142857142857721,-0.2089285714285687,-0.6785714285714288,-2.2785714285714285,303,-3.0360287698412733,0.2712415327381166,LOW
2017-06-25,-0.5676045327568247,-0.24285714285714022,-0.18749999999999645,0.4357142857142886,-2.2857142857142856,-203,-3.4341101190476166,0.23023306547621303,LOW
2017-06-26,1.2394965283197799,1.9500000000000028,2.55535714285714,1.814285714285715,-2.1857142857142855,260,-1.6296294642857347,0.21172506944441238,HIGH
2017-06-27,0.833160305062357,0.26428571428571246,1.2339285714285708,1.2714285714285687,-2.1857142857142855,-348,-1.5580372023809517,0.28462746031746633,HIGH
2017-06-28,0.43920010567634193,-0.4499999999999993,-0.1303571428571395,0.8642857142857157,22.014285714285716,-127,1.7484885912698473,0.37845862599208147,HIGH
2017-06-29,-1.562615834195995,-2.7928571428571445,-3.028571428571425,-0.6642857142857146,2.8214285714285716,-291,2.377316468253966,0.22036867559523898,LOW
2017-06-30,-1.5630299883540424,-2.192857142857143,-3.400000000000002,-1.0142857142857142,-3.192857142857143,52,2.0603705357142914,0.17871226190476364,LOW
2017-07-01,-3.128152087646658,-4.299999999999999,-6.335714285714282,-1.6357142857142843,-1.7928571428571436,-383,0.543130952380956,0.20242475198411114,LOW
2017-07-02,-2.8893103217736424,-3.614285714285714,-5.2357142857142875,-1.0285714285714285,-3.3,-409,3.8810803571428494,0.29553133432540335,LOW
2017-07-03,-1.4233409786922024,-1.792857142857141,-1.9071428571428584,-2.0714285714285694,-3.842857142857143,13,2.80795634920635,0.2051642212301772,HIGH
2017-07-04,0.4517825332125618,-0.09999999999999787,-0.007142857142859782,-1.857142857142854,-3.8357142857142854,339,-0.8955426587301716,0.04122104166667384,HIGH
2017-07-05,1.8368789682539628,2.342857142857145,3.7785714285714285,-1.5428571428571392,-2.7571428571428567,392,-2.3630193452381008,-0.057462614087285147,HIGH
2017-07-06,1.9306044793823318,3.3428571428571416,6.764285714285709,0.9785714285714313,10.17142857142857,183,-2.776682043650787,-0.0883841716269842,LOW
2017-07-07,1.712805674171836,3.107142857142861,4.442857142857147,2.65714285714286,-2.2928571428571423,101,0.26162896825397297,0.0711220833333357,HIGH
2017-07-08,3.0630604619565283,4.357142857142854,4.38571428571429,2.4071428571428584,-2.392857142857143,234,-1.6259632936507842,0.04717508432540285,LOW
2017-07-09,2.29346785498619,3.7428571428571438,4.721428571428575,1.9714285714285715,0.5142857142857142,162,-2.7915897817460333,-0.0016877083333355358,HIGH
2017-07-10,0.37028886300896957,0.7571428571428562,-0.5571428571428569,3.9214285714285726,3.914285714285714,-278,0.018413194444441672,-0.008072564484137956,LOW
2017-07-11,-0.9178627393892427,-1.071428571428573,-2.2571428571428562,2.2785714285714302,-2.3857142857142857,-147,1.7752440476190188,0.1520027628968137,LOW
2017-07-12,-2.043130348516218,-2.8714285714285737,-4.8125000000000036,-1.614285714285712,6.692857142857142,-372,1.7311011904761813,0.2082853472222297,LOW
2017-07-13,-1.978722491804696,-4.585714285714282,-4.169642857142858,-4.85,-1.7714285714285711,264,1.8917356150793552,0.1727842708333469,HIGH
2017-07-14,-1.5201781940131092,-3.4428571428571395,-2.726785714285718,-3.2928571428571445,0.5285714285714287,-8,-1.5240000000000151,0.010007341269854919,LOW
2017-07-15,-3.4488420031055824,-4.992857142857144,-6.183928571428577,-3.4285714285714306,-1.7714285714285711,-290,0.16173412698412193,0.08562930555555681,LOW
2017-07-16,-1.7426293241028254,-1.5500000000000007,-0.026785714285711748,-4.478571428571428,-1.5642857142857143,-6,1.2646324404761913,0.09548788194443603,LOW
2017-07-17,0.9649197813810559,1.4928571428571438,2.2089285714285722,0.6571428571428566,-1.1785714285714284,-148,0.636217719780241,0.019591634233833588,HIGH
2017-07-18,2.285764452523619,4.100000000000001,5.821428571428569,2.442857142857145,-3.278571428571428,307,0.4248828983516333,0.03987661935286013,HIGH
2017-07-19,3.283383381526381,6.2214285714285715,3.1276785714285715,3.264285714285716,-1.8714285714285717,366,-1.3319010499049497,0.04235358859892102,HIGH
2017-07-20,1.0236545197329896,1.607142857142854,0.37410714285714164,3.0857142857142854,-1.464285714285714,-94,-0.40088535542150083,0.040912426982750105,HIGH
2017-07-21,2.2704851033251217,3.2142857142857153,3.6955357142857146,1.6642857142857146,-3.3,261,0.3067584937848551,0.09290900436369753,LOW
2017-07-22,1.856928620405867,2.4928571428571438,3.0026785714285715,2.2857142857142847,-3.5,101,-1.786193391135761,0.12271079999861456,HIGH
2017-07-23,0.23218902628923388,0.3571428571428541,-1.1116071428571495,1.3571428571428559,-3.5214285714285714,114,-3.3370475578024354,0.14803267003831166,LOW
2017-07-24,-1.997759880781956,-3.864285714285714,-4.611607142857142,-2.0642857142857167,-2.6785714285714284,-220,-2.9091298609160035,0.10984765782827566,LOW
2017-07-25,-0.8402751184126807,-6.35,-4.322321428571428,-2.885714285714288,25.75,-390,0.8372188112451724,0.13579428214144684,LOW
2017-07-26,-4.442512190066882,-5.171428571428569,-4.5366071428571395,-2.8428571428571434,9.042857142857144,-353,2.1565224598535124,0.27290726825259526,LOW
2017-07-27,-2.677776141694949,-2.4428571428571395,-3.077678571428571,-3.142857142857144,-2.9785714285714278,-264,2.0320849019686733,0.24622778187089978,HIGH
2017-07-28,-1.550582917723883,-1.5285714285714285,-2.9205357142857125,-1.0357142857142883,-4.264285714285713,143,4.161255517594377,0.08613483769701702,LOW
2017-07-29,0.7667530790842498,1.5000000000000036,2.1437500000000007,-0.13571428571428612,-4.264285714285713,188,1.323815041403897,0.003557059919252481,HIGH
2017-07-30,1.6943147379869572,3.6571428571428584,3.9651785714285737,1.2857142857142847,-3.9642857142857135,214,-1.8225708712944808,-0.03194632301724454,HIGH
2017-07-31,1.3212489399564866,1.7714285714285722,2.5437499999999993,1.992857142857142,-3.4000000000000004,117,-1.8559502974239237,-0.0470359136002827,HIGH
2017-08-01,1.5910518166917669,3.078571428571429,4.78125,3.507142857142858,-1.1,41,-0.6695901783763176,-0.07919778363993402,HIGH
2017-08-02,1.4070994788725777,2.3214285714285694,2.057142857142857,3.3071428571428623,8.67142857142857,14,-0.43776902773876003,0.02970837211400834,LOW
2017-08-03,1.1699881922877893,1.457142857142859,1.5499999999999972,2.385714285714288,0.3428571428571425,-211,-0.9152430555555569,0.13570958829366475,HIGH
2017-08-04,0.664670893719812,0.8428571428571452,-0.778571428571432,1.2071428571428573,-2.3071428571428574,-114,-1.9839320436507961,0.07694985615078309,LOW
2017-08-05,0.3816808359213262,0.778571428571432,2.435714285714287,-0.34999999999999964,-2.3642857142857143,27,-2.4481527777777856,0.03561827876983159,HIGH
2017-08-06,0.3366939915458893,-1.0642857142857132,-0.3642857142857139,-2.435714285714287,-2.407142857142857,299,-1.865659226190509,0.0023361061507642944,LOW
2017-08-07,0.7093281573499013,-0.3928571428571388,1.1714285714285744,-3.9071428571428566,-2.35,452,-2.50679265873017,-0.02218554563492603,HIGH
2017-08-08,0.09389161706348759,0.1428571428571459,0.7071428571428626,-1.62857142857143,-2.3000000000000003,-104,-2.912542162698422,-0.03399404265875461,HIGH
2017-08-09,0.11889843210834883,0.7785714285714356,0.20714285714286262,0.18571428571428505,3.221428571428571,66,-1.4943630952380857,0.002217227182555348,LOW
2017-08-10,-1.8741750345065604,-3.292857142857141,-6.7785714285714285,0.27857142857143025,8.2,-330,-0.7578625992063408,0.12439868551587097,LOW
2017-08-11,-3.580748296238788,-4.5571428571428605,-8.22142857142857,-0.9428571428571413,0.05714285714285694,-380,2.4488660714285686,0.189457108134917,LOW
2017-08-12,-3.120671573067625,-3.528571428571432,-4.835714285714285,-1.9071428571428548,-1.242857142857143,-312,3.2509384920635043,0.1654658928571351,LOW
2017-08-13,-0.2289711978088249,-0.27857142857142847,0.19285714285714306,1.0857142857142872,-1.1428571428571432,-65,3.3492346230158745,0.09572687499998978,HIGH
2017-08-14,2.1717005154416924,2.221428571428568,3.0214285714285722,0.007142857142858006,-2.042857142857143,185,1.8826433531746005,0.06517282242063516,HIGH
2017-08-15,2.056691047705307,3.2142857142857117,6.978571428571428,1.0357142857142865,-1.742857142857143,150,0.23735615079367278,0.047470714285701376,HIGH
2017-08-16,1.8351326130089696,2.87142857142857,2.0214285714285687,3.4999999999999964,5.435714285714285,13,1.5261939484127254,0.0762178224206238,HIGH
2017-08-17,1.956520984299516,3.0928571428571416,3.1214285714285737,3.064285714285713,-0.9428571428571428,93,1.4834131944444522,0.0954736011904842,LOW
2017-08-18,1.1618302600931685,1.6357142857142861,3.0214285714285687,1.9071428571428548,0.19999999999999973,-174,0.39699305555554076,0.1155080902777712,LOW
2017-08-19,-0.907502156659767,-2.064285714285713,-3.921428571428571,0.40000000000000036,-1.7428571428571427,-3,-0.7067083333333528,0.0728958779761939,LOW
2017-08-20,-1.8160794189958587,-3.37857142857143,-5.114285714285717,-2.7785714285714285,-1.6785714285714286,136,-2.9716369047619153,-0.20300567956349624,LOW
2017-08-21,-1.1813699749827542,-3.5000000000000018,-3.7571428571428527,-3.5428571428571427,-1.6785714285714286,-45,-2.5967093253968443,-0.4598303373016037,LOW
2017-08-22,-0.3120537116114548,-2.9928571428571438,-1.7714285714285687,-4.34285714285714,-1.657142857142857,91,-2.0370362103174813,-0.7181614682539958,HIGH
2017-08-23,0.7068991653726684,-0.8142857142857096,0.10714285714285765,-3.0928571428571416,-1.2,193,-2.7502271825396747,-0.8901846031745961,HIGH
2017-08-24,0.5875201432022017,0.02142857142857224,-0.30000000000000426,-0.1999999999999993,-1.4857142857142858,-255,-4.26366468253967,-0.8362175198412771,LOW
2017-08-25,1.473342773598148,1.6000000000000014,3.3000000000000007,0.5142857142857142,12.757142857142856,113,-5.486599206349183,-0.6672021081349229,HIGH
2017-08-26,1.9346754412432752,3.25714285714286,4.285714285714285,3.3357142857142854,-1.3428571428571427,108,-6.019893849206355,0.11526733134921585,LOW
2017-08-27,0.3669416384007249,2.5571428571428605,1.4357142857142797,4.65,-1.3428571428571427,-137,-4.52152480158729,2.9280149900793617,LOW
2017-08-28,-0.6569119638670244,2.2714285714285722,1.9214285714285673,1.9500000000000028,-1.3428571428571427,254,-0.8704250992063578,3.0625545089285495,HIGH
2017-08-29,-1.0742463011210859,2.5857142857142854,4.035714285714281,0.3428571428571434,-1.3428571428571427,303,0.9231160714285949,3.175853154761896,LOW
2017-08-30,1.2094041954227208,5.478571428571428,6.635714285714283,3.0857142857142854,-0.7999999999999998,171,3.139321428571421,1.9933743551587,HIGH
2017-08-31,-2.054324636525479,-0.07857142857142918,-2.585714285714289,2.0928571428571416,2.5,-344,0.5074394841270049,-0.7744731349206333,HIGH
2017-09-01,-1.1513948071969828,-2.7214285714285715,-3.9714285714285786,-2.0428571428571463,-0.4928571428571429,-178,2.1052534722222447,-1.7699818204365059,HIGH
2017-09-02,-1.5833393619950051,-3.678571428571427,-3.5500000000000043,-3.0642857142857167,-0.5142857142857143,-32,4.6910952380952295,-1.5573381597221854,HIGH
2017-09-03,-1.1004074261805243,-3.5,-2.214285714285719,-4.107142857142858,-0.5142857142857143,100,7.193787698412706,-1.1643600248015744,LOW
2017-09-04,1.2865055714663747,-1.8357142857142854,0.7142857142857117,-1.4214285714285708,-0.5714285714285714,173,6.716450396825351,-0.7341669246031799,LOW
2017-09-05,3.268799268646049,1.9857142857142858,2.9642857142857117,-0.5857142857142854,-0.5785714285714285,-38,4.128194940476163,-0.3245629464285713,HIGH
2017-09-06,2.537717599645603,2.6071428571428523,2.114285714285714,1.7071428571428555,-0.3642857142857139,131,2.1020669642857115,-0.019980094246022873,LOW
2017-09-07,-0.4494889364367971,0.19285714285714128,-0.9339285714285701,1.2357142857142858,-3.0214285714285714,-153,0.15297817460319152,0.057337529761873895,LOW
2017-09-08,-0.13073432168906152,1.4357142857142833,-1.1053571428571445,2.4857142857142858,-3.0214285714285714,-208,-1.46450694444448,0.07462985615075013,LOW
2017-09-09,-0.7643785268633998,0.492857142857142,-1.6339285714285694,2.0821428571428555,-2.842857142857143,-219,-2.096875992063488,0.07330644345235271,LOW
2017-09-10,1.0064301298651124,0.6357142857142861,1.0875000000000021,0.696428571428573,-3.142857142857143,151,-1.3735625000000056,0.09258662202381629,HIGH
2017-09-11,-0.7147783561689138,-0.6857142857142833,-0.6410714285714256,-0.8035714285714306,-2.7285714285714286,4,-0.9538829365079096,0.2977330280575572,HIGH
2017-09-12,0.4174199728969086,0.7428571428571455,0.3732142857142904,-0.04642857142857082,-3.4285714285714284,72,-0.2967713293650718,-0.10590762174402357,HIGH
2017-09-13,1.6290116289474987,1.1714285714285726,1.7446428571428605,0.9892857142857139,25.12857142857143,-165,0.06182589285714357,-0.4997347050773513,LOW
2017-09-14,0.05667364877797709,-1.1499999999999986,0.4625000000000057,-0.18928571428571317,7.028571428571429,-1,2.093261904761917,-0.6861388866249598,LOW
2017-09-15,-0.30939979092473635,-0.5,-0.01249999999999929,-1.382142857142859,-3.371428571428571,91,3.2600882936507958,-1.0930848042837198,LOW
2017-09-16,-1.3604922102846686,-2.1928571428571413,-1.19107142857143,-0.32500000000000107,-1.6500000000000001,0,3.112652281746037,-1.4850485642043694,HIGH
2017-09-17,-0.8719807393008487,-0.8642857142857157,-0.8339285714285722,-0.6750000000000016,-3.35,60,3.3070248015873176,-1.8931851564662807,HIGH
2017-09-18,-1.9477615824925998,-1.6428571428571423,-2.0767857142857125,-0.8607142857142858,1.8214285714285716,-110,-2.6108020833333683,-5.749127375660713,HIGH
2017-09-19,-1.9126817350724004,-0.43571428571428683,-2.619642857142857,0.30357142857142705,-3.5785714285714287,11,-2.652188492063516,2.5920963663511927,HIGH
2017-09-20,-1.851153412507628,-0.5571428571428552,-2.383928571428573,-0.26785714285714235,-1.542857142857143,-182,2.197041666666678,2.141173593533736,LOW
2017-09-21,-0.6465692796992357,-1.607142857142854,0.04999999999999716,-2.4178571428571427,-0.8285714285714286,117,-2.41000446428572,1.7450033405575311,HIGH
2017-09-22,0.6558880358851411,-0.4642857142857135,1.6142857142857139,-2.799999999999998,-1.0142857142857145,80,-3.566000496031748,1.2907076659543506,HIGH
2017-09-23,1.4746170187194139,1.3214285714285747,1.5500000000000007,0.6464285714285722,-1.7714285714285716,174,-2.8057450396825345,0.8386479933353144,HIGH
2017-09-24,0.012742785976271875,0.9571428571428591,-0.6928571428571431,2.1464285714285722,-1.7714285714285716,-94,-2.718488591269832,0.4780574030575053,LOW
2017-09-25,-0.38789206798120546,-0.6928571428571395,-0.11428571428571388,-1.1321428571428562,1.6428571428571428,60,-2.020669146825412,-0.0525590724206495,HIGH
2017-09-26,0.5210443430930738,0.49285714285714377,0.27857142857142847,1.5535714285714306,-2.2642857142857142,-32,-0.5811631944444713,0.042650297619047706,HIGH
2017-09-27,1.446589855031224,0.9071428571428548,1.4857142857142875,1.4035714285714285,-2.3642857142857143,134,-1.687497023809513,0.041071741071419865,HIGH
2017-09-28,2.55906564881899,1.4071428571428548,3.0357142857142883,0.7178571428571434,-2.042857142857143,-32,-0.6610138888888741,0.04103621031751459,HIGH
2017-09-29,1.5308091551941487,2.099999999999996,1.3571428571428577,0.8392857142857153,0.14285714285714235,-187,3.1307152777777816,0.1006291269841526,LOW
2017-09-30,4.9530585815339805,2.892857142857144,5.557142857142853,2.746428571428572,9.792857142857143,107,1.0037876984126939,0.13809934027780457,HIGH
2017-10-01,-0.18799192425776923,-0.5357142857142847,0.10000000000000142,-1.0321428571428557,-2.5428571428571436,262,-0.4617123015873119,0.07637335813490154,LOW
2017-10-02,-1.04415616371519,-0.028571428571426694,-1.12857142857143,-1.682142857142857,11.035714285714285,-181,3.0672271825396678,0.04151199900789493,LOW
2017-10-03,-1.1030138199772743,-0.5785714285714239,-1.3785714285714263,0.003571428571429891,-2.4857142857142853,4,1.5484419642857148,0.0781179910713945,HIGH
2017-10-04,-1.1545418516537076,-1.0,-1.0357142857142865,-1.4607142857142845,-2.5857142857142854,45,-1.9724856150793642,0.06170947499995805,HIGH
2017-10-05,0.8820219903590214,-0.12142857142857189,1.3357142857142854,-0.2964285714285708,-1.4571428571428569,-18,-3.9104885912698535,0.038312560317443456,LOW
2017-10-06,-3.493683779462515,-2.7714285714285687,-3.5357142857142865,-2.7714285714285705,-2.171428571428571,-28,0.4168412698412851,0.05513660793650388,LOW
2017-10-07,-3.3412139817774325,-1.9285714285714288,-4.085714285714285,-0.17857142857142705,-0.7928571428571427,-173,-1.8268115079365117,0.06542922698415055,LOW
2017-10-08,-1.234855306011081,-0.6571428571428566,-1.6214285714285737,0.4142857142857146,-0.9928571428571427,-62,2.969962797619033,0.08525818035717947,HIGH
2017-10-09,-1.621344138486723,-1.3928571428571406,-1.9499999999999975,-0.4999999999999982,3.7785714285714285,87,1.6275704365079378,0.0839729373015885,HIGH
2017-10-10,-3.0379189368105415,-0.9000000000000021,-4.550000000000001,1.828571428571431,-0.11428571428571432,-228,5.937384424603181,0.08760902361111533,LOW
2017-10-11,-0.21504764754303451,0.46428571428571175,-0.8000000000000007,0.8714285714285719,-0.5142857142857143,-213,1.9115034722222077,0.03096000952385225,HIGH
2017-10-12,0.7037933514273895,1.1214285714285683,0.1571428571428548,1.5714285714285712,-0.4357142857142858,-50,-2.6117559523809604,0.002180943253968337,HIGH
2017-10-13,1.4112824313973675,1.7714285714285687,0.8571428571428505,2.078571428571431,-0.42142857142857143,-30,0.32794295634921866,-0.05100299523808616,HIGH
2017-10-14,2.43346498314234,2.1928571428571413,2.264285714285716,1.5928571428571434,-0.75,322,-5.125829861111086,-0.04189904682542078,HIGH
2017-10-15,2.7653569924300747,1.12857142857143,3.5142857142857125,-0.7571428571428571,-0.7785714285714286,178,-1.435764384920617,-0.0399019882936642,HIGH
2017-10-16,2.0269607235191742,1.7785714285714302,4.957142857142852,-1.1142857142857148,-0.4785714285714286,258,-3.0568467261904715,-0.015383198611125692,HIGH
2017-10-17,2.800348295791622,0.6785714285714324,3.8071428571428605,-1.307142857142857,-0.45714285714285713,197,-2.1469821428571407,-0.011675341468276201,LOW
2017-10-18,1.1592257712919505,-0.8714285714285683,1.75,-0.22142857142857153,-0.45714285714285713,66,0.5071001984126724,0.010580009920630573,LOW
2017-10-19,0.3212356680322088,-1.2071428571428555,1.1142857142857174,-2.4642857142857144,-0.5428571428571428,8,0.32063244047616024,0.015524890873024333,LOW
2017-10-20,1.5100489642236603,0.6428571428571441,1.5928571428571452,0.7714285714285722,-0.6285714285714284,-141,-1.0708144841269842,0.017708834325404155,LOW
2017-10-21,1.57748542822468,0.8999999999999986,1.5642857142857167,0.6071428571428568,4.571428571428571,-154,-0.0480024801587291,0.026646612103171208,LOW
2017-10-22,-2.894533949535088,-1.7928571428571427,-3.935714285714285,-0.5214285714285722,-0.1428571428571429,-55,0.5656855158730281,0.04711900049606044,LOW
2017-10-23,-3.1335999968848647,-2.157142857142855,-4.114285714285714,-1.0928571428571443,-0.9500000000000001,-129,0.9095089285714408,0.0247678100198101,LOW
2017-10-24,0.12209008271777222,0.8464285714285698,-1.200000000000001,1.7571428571428553,-0.9500000000000001,-142,4.737736607142864,0.04814805803567168,LOW
2017-10-25,4.177595895192866,3.182142857142857,3.4571428571428537,2.749999999999999,-1.05,-26,3.5802881944444493,0.024682016369091286,HIGH
2017-10-26,2.342756215076001,0.8892857142857142,1.7357142857142822,0.9214285714285708,0.1499999999999999,-32,4.255208829365074,-0.012296753472213595,HIGH
2017-10-27,1.7031195864621402,0.9535714285714274,0.49285714285714377,2.232142857142856,0.1499999999999999,109,-0.38321130952382987,-0.003704809027802014,HIGH
2017-10-28,-1.834267135597182,-0.9678571428571434,-2.742857142857142,0.6151785714285705,0.707142857142857,-142,-1.6535128968254185,0.01079476438491156,LOW
2017-10-29,-1.7403655431887977,0.0892857142857153,-0.5214285714285722,-0.8633928571428582,3.328571428571429,210,-0.5417103174603,0.11156901041665179,LOW
2017-10-30,-3.3773871645171987,-1.0946428571428548,-2.3482142857142865,-2.0747767857142865,-0.9714285714285716,101,-1.9202852182539658,0.08861683283727473,LOW
2017-10-31,-2.8674294369788935,-0.043750000000001066,-3.0053571428571413,-1.0054687500000012,-1.0642857142857143,-62,-3.0964513888888803,0.07323111855159681,LOW
2017-11-01,1.3986051385519467,-0.15089285714285872,2.0446428571428594,-0.29832589285714306,-1.2,197,-6.9951999007936365,0.01582051339286039,HIGH
2017-11-02,2.946278977516421,1.4276785714285705,4.1875,-0.7090401785714286,-1.1142857142857143,136,-5.97335813492063,-0.0812587227182604,HIGH
2017-11-03,1.5959692266218113,-0.20803571428571654,0.8732142857142868,-0.673325892857144,-1.1357142857142857,-5,0.26916567460318674,-0.072477542162666,HIGH
2017-11-04,1.2831834120514163,-0.3794642857142856,2.9660714285714302,-0.3858258928571425,-1.0,-28,2.0765327380952243,-0.04434640624998565,HIGH
2017-11-05,0.8772073466614945,0.21339285714285605,0.6875,0.9266741071428575,4.078571428571429,-82,3.5089042658729994,-0.008342495039691755,LOW
2017-11-06,-0.38401220238095135,0.3169642857142847,0.4339285714285719,0.9360491071428578,-2.0142857142857142,-33,-0.7840987103174655,0.0019750644840783593,LOW
2017-11-07,-0.26922386451863467,0.9758928571428562,-1.0053571428571413,1.5706473214285728,-2.1142857142857143,-63,-1.8559136904761857,0.0008020486110851266,LOW
2017-11-08,0.8070540685386476,1.588392857142857,-0.36964285714285516,3.683816964285714,-0.2142857142857144,-48,-1.205892361111097,-0.010082683531791758,LOW
2017-11-09,1.0684086093857843,1.966964285714286,1.3517857142857164,0.8409598214285716,-2.1142857142857143,-29,0.5386314484127013,0.014267475198394663,LOW
2017-11-10,-0.011746195652172275,0.7741071428571438,-0.548214285714284,2.073102678571429,-0.6214285714285714,-22,1.4349885912698568,0.025396726190464847,LOW
2017-11-11,-0.09912106301760204,0.5812499999999989,0.47321428571428736,0.13292410714285685,1.4571428571428573,-21,1.5016547619047742,0.012127668650791179,LOW
2017-11-12,-0.6863831241373362,-1.9758928571428571,-1.748214285714285,-1.9385044642857139,14.021428571428572,-29,2.955146329365107,0.03622114583336611,LOW
2017-11-13,-0.05596536188751067,-0.720535714285715,1.5999999999999996,-3.055691964285714,-1.942857142857143,113,-0.6516011904762138,0.042751225198415455,HIGH
2017-11-14,-1.37696543629227,-3.0071428571428576,-1.6357142857142852,-3.875,-1.992857142857143,20,1.0134156746031806,0.03768609126985467,HIGH
2017-11-15,-1.6857875248015874,-2.871428571428572,-2.81263950892857,-2.7607142857142857,-1.8571428571428574,-57,2.1374871031745926,0.013429255952367214,HIGH
2017-11-16,-1.1580727969720517,-1.2103794642857149,-2.253773716517858,0.11428571428571455,-1.8571428571428574,-81,2.0800753968254213,0.03869188492060971,HIGH
2017-11-17,-1.4931133378623178,-0.8090401785714292,-1.6842424665178584,0.4732142857142858,-2.0785714285714283,-87,3.0938134920634894,0.031242291666664812,LOW
2017-11-18,-1.2384554854641143,0.14810267857142811,-0.2342424665178564,0.8589285714285717,-0.4285714285714284,-29,-2.8210783730158937,0.06182159226189299,LOW
2017-11-19,-1.832197942546581,-0.24475446428571512,0.41575753348214217,0.8232142857142857,-0.19285714285714284,17,1.2781349206349404,0.04224283730159328,LOW
2017-11-20,-1.8957766563146992,-0.6233258928571432,-0.7270996093750002,0.9232142857142855,-1.1071428571428572,-87,2.0445873015873133,0.05120807539685046,LOW
2017-11-21,0.10385566015355607,2.698102678571429,1.3871861049107137,3.6660714285714286,-1.6000000000000003,-85,5.0773640873016035,0.09467237599208289,HIGH
2017-11-22,3.8869199145962714,2.5052455357142858,1.8284249441964278,0.6517857142857146,-2.3071428571428574,359,-4.291466269841266,0.05342314484128963,HIGH
2017-11-23,4.368513747627672,2.2291294642857133,2.370207868303571,-1.6624999999999996,-2.342857142857143,254,-8.742319444444448,-0.02898726686508013,HIGH
2017-11-24,5.094070316813319,1.857924107142857,2.9066057477678573,-0.08035714285714302,3.664285714285714,-7,-8.829096230158726,-0.056300823412698264,HIGH
2017-11-25,2.350972130564182,2.396316964285714,4.026471819196429,0.5125000000000002,5.007142857142858,-82,0.2638125000000002,-0.028059216269852527,LOW
2017-11-26,-0.7842519981452734,-0.9005580357142855,-0.977992466517855,0.26250000000000007,-2.3428571428571425,32,-2.9996914682539852,-0.003311790674608517,LOW
2017-11-27,-0.8961059513026246,0.028013392857142883,-0.735135323660713,1.4625000000000001,9.1,-54,-0.3492222222222381,-0.005796731150802259,LOW
2017-11-28,-0.13675651958247048,0.7780133928571424,0.9291503906250016,1.6696428571428572,0.4500000000000002,-52,3.076795634920643,0.0024692658730174344,LOW
2017-11-29,-0.5265465062111812,-1.500558035714286,-0.6939243861607141,-0.9875,-2.15,-36,1.3360753968253647,0.027347445436511464,LOW
2017-11-30,-1.2724431741718414,-2.033035714285714,-2.4956473214285713,-1.1089285714285715,-2.007142857142857,-21,1.5515461309523744,0.03960274305556766,HIGH
2017-12-01,-1.1492431213336767,-3.055803571428571,-3.6294642857142856,-2.625,-2.1142857142857143,-57,2.1845094246031636,-0.010270679563490148,HIGH
2017-12-02,-2.4016345637077294,-1.9808035714285714,-2.3008928571428573,-1.5892857142857142,-1.6,-67,5.990412698412683,0.02165709325396392,LOW
2017-12-03,-2.540976309092477,-0.5781249999999998,-1.1526785714285719,-2.460714285714286,1.385714285714286,-59,2.895244047619073,0.059953799603171376,LOW
2017-12-04,-0.7581203642598355,-0.07723214285714275,-0.6008928571428576,-0.2107142857142857,-1.5,-58,5.0640029761904515,0.018517147817419755,LOW
2017-12-05,1.190385731538993,1.7870535714285716,1.2062499999999998,2.867857142857143,-1.7142857142857142,-47,3.1763769841270033,0.039926309523778514,HIGH
2017-12-06,1.6154972373188414,1.937053571428571,0.013392857142856762,3.582142857142857,-2.1,-73,-0.8123725198412615,0.03387731150793627,HIGH
2017-12-07,1.2225782641045555,0.5513392857142851,1.2348214285714292,-1.0464285714285715,1.1357142857142857,339,-3.6528095238095233,0.030409657738140083,LOW
2017-12-08,0.986147041062801,0.9156249999999995,1.6705357142857133,-0.1392857142857143,-2.0500000000000003,149,-2.234417658730166,0.02828036210317464,HIGH
2017-12-09,-2.179364829192546,-2.8325892857142865,-3.490178571428572,-1.4285714285714286,-2.5642857142857145,-9,-4.762698412698413,0.012412232142864355,LOW
2017-12-10,-2.187717129270188,-2.4571428571428577,1.6500000000000012,-3.5357142857142856,0.649999999999999,-88,0.2735882936507892,-0.016383105158695344,LOW
2017-12-11,1.947923767468942,2.857142857142857,2.1571428571428575,3.657142857142857,10.257142857142856,-88,2.2302876984127096,0.015562167658728754,HIGH
2017-12-12,0.49480793974292503,0.6928571428571426,2.6000000000000014,-0.5785714285714286,-2.292857142857143,-3,-7.3315972222222,0.01762351686510044,LOW
2017-12-13,-0.3834566683919931,-0.121428571428571,0.7571428571428589,-0.7571428571428572,3.0642857142857136,76,-2.7299290674603185,-0.0012813013889001468,LOW
2017-12-14,0.926500835705661,2.207142857142857,1.2714285714285714,2.1285714285714286,3.2857142857142856,65,-7.174214285714285,0.054845444642879215,HIGH
2017-12-15,0.1351589792529353,0.09285714285714297,-0.30714285714285694,1.0499999999999998,-1.2,-5,0.5878551587301786,0.022719531944439098,HIGH
2017-12-16,-0.9733607218340232,-1.0285714285714285,-1.4857142857142858,2.220446049250313e-16,-2.1999999999999997,56,0.49711557539683326,0.011870633134932973,HIGH
2017-12-17,-2.2688003687888196,-1.9857142857142858,-3.0571428571428587,-1.5,-1.9857142857142855,-35,0.5123883928571331,0.010232245238107396,LOW
2017-12-18,-2.3055381707211877,-3.1285714285714286,-3.142857142857143,-4.321428571428571,-0.9857142857142853,-35,0.5282361111111413,-0.029158389682542918,LOW
2017-12-19,-2.7560200882073866,-2.985714285714286,-3.271428571428572,-3.7,-0.5785714285714285,-39,2.4852197420634923,0.05268700714287888,LOW
2017-12-20,-0.2941273734040717,-0.7428571428571429,-1.7357142857142862,0.2999999999999998,-0.30714285714285716,-28,4.66213194444444,-0.1137975164682743,LOW
2017-12-21,1.3958735367063468,1.9214285714285717,1.8857142857142852,2.2571428571428567,1.357142857142857,-22,5.269931547619009,0.08680082658728594,HIGH
2017-12-22,2.940929901009315,3.285714285714286,2.6071428571428568,4.571428571428572,1.0785714285714287,-30,4.377265376984127,0.10642949722219441,HIGH
2017-12-23,2.9017183596445815,3.7642857142857142,3.2250000000000005,4.464285714285714,-1.0,-23,0.7807078373015912,0.12644022638887265,HIGH
2017-12-24,1.6921684685559022,3.0142857142857142,2.296428571428571,4.421428571428571,-1.1428571428571428,-26,-1.6405029761904615,0.11195253789681203,HIGH
2017-12-25,-0.29419966032608613,-0.8499999999999988,-0.4035714285714276,-2.7928571428571427,-2.042857142857143,-29,0.11153472222223115,0.032306302777755036,HIGH
2017-12-26,-2.0638868950569345,-2.1285714285714277,2.5821428571428564,-4.314285714285715,-2.6571428571428575,114,-1.8478501984126723,0.04532446249999822,LOW
2017-12-27,-1.0781455831608007,-2.035714285714286,-2.117857142857141,-1.8785714285714286,-2.457142857142857,-29,-0.009853670634896616,0.026338382936522464,LOW
2017-12-28,-2.1556761257763997,-2.764285714285715,-2.7892857142857137,-3.8357142857142854,-2.1642857142857146,7,-0.14272966269842868,0.08237622023811753,LOW
2017-12-29,-3.652589941338852,-4.578571428571428,-4.232142857142858,-3.821428571428571,-0.24285714285714333,120,-0.7386140873015989,0.058066245039704256,LOW
2017-12-30,-0.6287320749223628,0.3642857142857139,-3.3892857142857142,-1.2285714285714284,2.957142857142857,-29,5.926910714285711,0.11250733134924218,HIGH
2018-01-02,1.0196519614820563,0.4071428571428566,-0.08928571428571441,1.4,-0.3500000000000001,1,-2.127306051587297,-0.09536933531745717,HIGH
2018-01-03,0.7440250657781231,1.9714285714285715,1.789285714285712,1.7285714285714286,10.35,-21,-4.755221230158725,0.10825069444447166,LOW
2018-01-04,0.56367020898033,2.178571428571428,3.6464285714285705,2.0142857142857142,6.75,-48,-0.7714379960317501,0.07940872519841236,HIGH
2018-01-05,1.8433641034765387,3.4000000000000004,3.546428571428571,3.7428571428571424,-0.5285714285714289,-48,-3.19385069444445,0.05180637896824436,HIGH
2018-01-06,0.9457224378882003,1.9357142857142842,1.0107142857142852,2.392857142857143,-1.8928571428571428,-46,3.545497519841277,0.0215286061507598,HIGH
2018-01-07,0.8896930232056572,0.07142857142857117,-0.3035714285714288,0.7428571428571429,-2.3285714285714287,-54,-0.49243005952379804,0.010772485119026953,LOW
2018-01-08,-0.04845756664078671,0.2428571428571411,-0.32142857142857206,1.2142857142857144,-2.1,-54,-0.12599503968255021,-0.019624280753944845,HIGH
2018-01-09,1.403673399758457,-0.2928571428571436,1.0714285714285703,-0.4142857142857146,-2.121428571428571,92,-1.6648531746031807,-0.033284409722242,HIGH
2018-01-10,2.7159052493098663,0.5285714285714285,3.049999999999999,0.1642857142857146,-1.4642857142857142,175,0.166762896825432,-0.01819841765877328,HIGH
2018-01-11,1.1439851136559689,-0.7071428571428564,-1.3857142857142861,-0.03571428571428559,-1.0785714285714285,-61,4.062568452380972,0.019505530753974654,LOW
2018-01-12,0.4702779923654248,-0.0071428571428571175,-1.6285714285714263,1.1785714285714286,-1.0642857142857143,-91,4.581029761904787,0.03879613591273312,LOW
2018-01-13,-0.3855510405883358,-0.4142857142857137,-1.428571428571428,-0.557142857142857,-1.3571428571428572,-92,0.8563740079364948,0.05316753472224178,LOW
2018-01-14,-1.0819189872325712,-2.0714285714285703,-1.6928571428571422,-3.1714285714285713,-1.4285714285714286,158,-4.775683531746054,0.038356512896825734,HIGH
2018-01-15,-1.6043198498964806,-1.75,-0.7642857142857142,-3.4714285714285715,0.8214285714285714,-98,0.11337003968253612,0.06130056051586763,LOW
2018-01-16,0.27170128429089146,2.357142857142857,1.0999999999999996,1.5571428571428572,2.421428571428571,48,-1.8298844246031791,0.04156884920637083,LOW
2018-01-17,-2.1269064969375444,-1.1857142857142855,-2.2357142857142867,-1.0,0.821428571428571,68,-2.1390317460317476,0.026793338293650493,LOW
2018-01-18,-0.2919890042701905,0.9357142857142855,3.2928571428571436,0.4642857142857142,2.4214285714285717,53,-3.52786210317457,0.01860560019839852,LOW
2018-01-19,-0.8500293348861288,-1.307142857142857,-1.2142857142857144,-0.8142857142857142,0.2714285714285716,90,-1.5500972222222202,0.024876192728186197,LOW
2018-01-20,-1.7918649823153903,-2.678571428571429,-2.971428571428572,-1.4571428571428573,3.1714285714285717,-69,4.34467311507936,0.02715583558531165,HIGH
2018-01-21,-2.180712838595582,-2.757142857142857,-2.0999999999999996,-2.5714285714285716,-0.5285714285714285,66,1.9349573412698504,0.032989739355151926,LOW
2018-01-22,-2.0026628774154602,-3.0428571428571427,-2.2071428571428564,-3.257142857142857,-0.75,-65,4.118863591269829,0.0369061034424476,LOW
2018-01-23,-0.017897518762939768,0.871428571428571,-0.042857142857142705,1.6857142857142855,-1.0714285714285712,-77,1.579617559523797,0.06459440205352962,HIGH
2018-01-24,1.8005055587905403,3.1642857142857137,3.9857142857142867,2.9928571428571424,-1.4785714285714284,32,-0.8425213293650984,0.056772953640873425,HIGH
2018-01-25,3.1361657306763266,3.7785714285714276,4.499999999999999,2.3714285714285723,-1.2714285714285711,-63,-7.025416170634912,0.03265426316469444,HIGH
2018-01-26,3.7988433208247123,2.264285714285715,1.792857142857141,2.4714285714285715,-0.4642857142857144,-30,-1.8201299603174732,-0.3142282733234296,HIGH
2018-01-27,1.1395278349292628,-0.9571428571428564,-1.8428571428571443,-0.07142857142857162,-0.8571428571428573,-66,4.567763888888905,0.050929486378962,LOW
2018-01-28,0.3973332438319517,1.5857142857142863,0.4071428571428557,2.3357142857142863,-1.1,-57,1.5159459325396938,0.06073105383931221,LOW
2018-01-29,1.5169248339371961,3.4785714285714286,2.5714285714285703,4.435714285714285,0.1499999999999999,-84,0.09713244047621572,0.06056665324403809,LOW
2018-01-30,1.344659004054522,1.257142857142858,2.435714285714285,0.12857142857142878,-1.042857142857143,390,-4.216879960317428,-0.016756432073385952,HIGH
2018-01-31,1.5559100953243608,3.2071428571428573,3.299999999999999,1.9428571428571428,5.557142857142857,-105,-0.8414960317460327,-0.009966566001970989,HIGH
2018-02-01,-0.05032884748101907,0.6142857142857148,0.44285714285714306,0.5785714285714285,-0.04285714285714293,-73,-0.6569434523809434,-0.08460982989087995,LOW
2018-02-02,-1.3850883788388524,-0.32142857142857095,-1.4357142857142864,-0.02142857142857152,-0.6928571428571428,-97,0.8689007936508091,-0.10416589365078721,LOW
2018-02-03,-0.5179899974120081,0.12142857142857166,0.26428571428571423,0.33571428571428574,-0.5928571428571427,-85,-1.4389379960317399,-0.18848774384918698,HIGH
2018-02-04,-0.9854983350586615,-1.5285714285714285,-2.3071428571428574,-0.5928571428571427,3.378571428571429,-120,1.5228630952380797,-0.17159676170634697,LOW
2018-02-05,-0.12936822808833703,-2.9,-1.9500000000000002,-2.6428571428571432,-1.05,230,-1.5698224206349067,-0.11519073869047958,HIGH
2018-02-06,-1.496634690950657,-2.607142857142857,-2.1571428571428575,-2.835714285714286,-1.05,-40,0.0653874007936679,0.15225126904759634,HIGH
2018-02-07,-0.5415355913561095,-1.8285714285714285,-1.6000000000000003,-2.3642857142857143,-0.5785714285714286,245,2.234400793650792,0.15960647738093314,LOW
2018-02-08,-0.24791470410628058,-1.8857142857142857,-0.8285714285714285,-1.6642857142857146,-0.6571428571428573,136,2.3784593253968183,0.145537454563474,HIGH
2018-02-09,-0.8664707373619738,-1.528571428571429,-2.2857142857142856,-2.521428571428572,-0.6357142857142858,-185,4.497345238095221,0.11696948333330681,LOW
2018-02-10,0.29097481021394067,1.2857142857142856,0.19999999999999973,2.557142857142857,-0.6071428571428571,-182,0.27219196428569603,0.0918036698412763,HIGH
2018-02-11,0.5925079041580394,2.164285714285714,0.17142857142857126,3.357142857142857,0.1071428571428572,-215,-0.9047123015872955,0.06858926507936758,LOW
2018-02-12,0.28159991157695075,1.2,1.6642857142857141,1.2428571428571429,1.3071428571428574,-92,-0.8204598214285994,0.06754013392857416,HIGH
2018-02-13,1.1233489863699102,0.2428571428571428,1.971428571428571,-0.3999999999999999,-0.2928571428571428,274,-5.074286210317453,0.01911589781745704,HIGH
2018-02-14,-0.305485496463076,-1.2714285714285714,0.9285714285714279,-3.221428571428571,-0.2928571428571428,371,-3.104817460317463,9.321924605387721e-05,LOW
2018-02-15,-0.33083496700310633,-0.07857142857142864,-1.5714285714285716,-0.17142857142857082,1.8071428571428572,-225,0.42179563492062755,0.01262325396825048,LOW
2018-02-16,3.0123870115165623,2.3285714285714287,3.1999999999999997,1.9857142857142858,-0.29285714285714287,-87,4.04078025793649,0.05212065476189309,HIGH
2018-02-17,0.938077036965149,0.5857142857142856,-1.507142857142857,2.0571428571428574,-0.29285714285714287,-310,6.592604166666661,0.05204374503968978,HIGH
2018-02-18,0.9642006976794342,0.9785714285714286,1.6928571428571435,1.092857142857143,-0.2642857142857143,111,8.476007440476195,0.06058006944444827,HIGH
2018-02-19,-0.31520043025362376,0.2571428571428571,-0.8428571428571425,0.5714285714285712,-0.15,-159,10.933367559523816,0.08564767857144062,HIGH
2018-02-20,0.1544384586352643,0.5035714285714286,-0.9428571428571432,0.8232142857142852,-0.15,-368,13.412059523809518,0.0610454811507779,LOW
2018-02-21,1.3281055932971024,1.7919642857142857,3.2928571428571423,1.9415178571428573,-0.15,144,4.097305555555579,0.06641617559520085,LOW
2018-02-22,0.8958445059092479,1.7205357142857143,1.8285714285714285,1.7629464285714285,0.0,182,-6.61900148809525,0.02671547619046777,HIGH
2018-02-23,0.7825403748274666,0.9419642857142856,1.4999999999999998,1.2843750000000007,-0.1142857142857143,189,-6.787727678571436,0.005878164682528109,LOW
2018-02-24,0.08369343189268452,0.2776785714285719,2.1285714285714286,-0.7227678571428564,-0.14285714285714285,201,-9.296090277777779,-0.009274285714312214,LOW
2018-02-25,-1.460573135567633,-2.3866071428571423,-2.321428571428571,-2.4941964285714278,-0.14285714285714285,227,-13.155230654761922,-0.006669206349194212,LOW
2018-02-26,-3.789337566856454,-4.993749999999999,-5.271428571428571,-4.172767857142855,-0.14285714285714285,-46,-3.39602380952379,-0.005774910714279713,LOW
2018-02-27,-4.632776769539338,-4.300892857142856,-5.792857142857143,-4.190624999999999,-0.14285714285714285,156,1.7047306547619172,0.027330044642852158,LOW
2018-02-28,-5.085962014751553,-3.981249999999999,-6.078571428571429,-4.1361607142857135,-0.14285714285714285,184,-0.9732624007936579,0.037525451388880526,HIGH
2018-03-01,-3.5998818236714984,-3.7437499999999995,-2.071428571428571,-4.279910714285713,-0.32142857142857145,129,-13.365763888888885,0.060850808531732525,LOW
2018-03-02,-3.305448263888889,-3.1366071428571427,-3.735714285714286,-3.944196428571429,1.0,-304,-7.533212301587291,0.05606206190479668,HIGH
2018-03-03,-1.7313555760438235,-1.94375,-2.9285714285714284,-0.6227678571428572,-0.25714285714285723,-282,5.483970734126984,0.0934636492063845,LOW
2018-03-04,1.2180982487922716,2.370535714285714,3.9071428571428566,1.8915178571428577,-0.8,44,3.9554613095238125,0.1351933912698513,HIGH
2018-03-05,4.062518437284335,3.2205357142857145,5.207142857142856,2.370089285714286,-0.8071428571428572,140,-0.6859007936507879,0.06809554404761542,HIGH
2018-03-06,-0.055740942028986495,-1.4544642857142853,-2.4142857142857137,-1.4388392857142853,-1.1357142857142857,-18,4.544655753968257,-0.03730629126981455,HIGH
2018-03-07,-0.26318157026397593,2.0928571428571434,1.3428571428571434,3.1428571428571432,-1.1357142857142857,15,-0.8124117063491809,0.02180810357140217,LOW
2018-03-08,-1.6002546238785378,1.0428571428571427,2.007142857142858,0.33571428571428563,1.3,44,-5.090557043650776,0.053014636309491436,LOW
2018-03-09,-1.4636848084886136,-0.9571428571428564,-1.2642857142857142,-0.40714285714285725,2.421428571428571,-159,4.90541418650794,-0.10515859543654926,LOW
2018-03-10,2.7436274585921314,2.6500000000000004,2.5999999999999996,3.185714285714285,-1.0928571428571425,-90,5.40978521825393,0.15102084662698445,HIGH
2018-03-11,6.580881164811938,6.064285714285716,8.642857142857142,3.4071428571428566,0.0642857142857145,201,-3.1505119047619132,0.06423612440474358,HIGH
2018-03-12,6.233680984730848,5.435714285714285,4.864285714285714,7.228571428571429,-1.8357142857142856,-97,2.69228273809523,-0.030694793253978503,LOW
2018-03-13,2.601144469246032,2.8499999999999996,1.0857142857142854,3.371428571428571,2.6357142857142857,-138,1.519505952380939,-0.037641583928532896,LOW
2018-03-14,2.455298092434443,1.0,0.39285714285714235,1.9,-1.964285714285714,-113,6.123155753968263,-0.02458519007932125,HIGH
2018-03-15,2.3192388425207007,2.107142857142857,4.071428571428571,-0.5214285714285714,-0.9499999999999998,320,-2.252086805555578,0.009524343650809897,HIGH
2018-03-16,3.25949070695307,2.5928571428571425,2.1000000000000005,0.7714285714285712,3.928571428571429,-153,6.3035401785714384,0.019849394841216395,HIGH
2018-03-17,-3.4662253989820586,-5.071428571428572,-6.564285714285715,-3.6357142857142857,4.685714285714286,-197,0.09970833333333928,0.05911606150791471,LOW
2018-03-18,-5.514051973343688,-6.307142857142857,-7.2714285714285705,-4.578571428571429,-0.7785714285714286,-173,-2.552083829365074,0.035391552579383756,LOW
2018-03-19,-4.266887093469636,-4.742857142857143,-4.307142857142856,-3.6928571428571426,-1.5642857142857143,182,-7.913912698412702,0.00289960277777368,HIGH
2018-03-20,-5.966495045074192,-4.9,-5.599999999999999,-5.457142857142857,-1.1642857142857141,3,3.601883432539694,-0.11835421666668111,LOW
2018-03-21,-2.9847731010610774,-2.571428571428571,-0.9142857142857146,-4.014285714285714,-1.5642857142857143,487,-4.898230158730129,-0.2161664041666711,HIGH
2018-03-22,-3.8354513770272627,-2.3857142857142857,-3.5214285714285714,-1.307142857142857,-1.185714285714286,-188,-3.2458700396825435,-0.340900531150794,LOW
2018-03-23,-1.268912861240512,0.6785714285714288,0.0,2.3000000000000003,-1.6928571428571426,-194,9.604605158730152,-0.400805293055555,HIGH
2018-03-24,1.14276695404158,1.600000000000001,3.0142857142857142,1.0999999999999999,-1.5071428571428573,367,-1.7611448412698678,-0.5296529319444687,HIGH
2018-03-26,0.9854645191727052,1.8285714285714292,0.8214285714285712,2.357142857142857,-1.3714285714285714,-239,2.9731825396825258,-0.8591754815475738,LOW
2018-03-27,-0.2916802131858134,0.8071428571428578,0.9428571428571431,0.17142857142857126,1.1857142857142857,-22,-2.865305555555537,-0.6859933033730243,LOW
2018-03-28,-0.11736792993012202,1.2928571428571427,0.3357142857142854,2.6642857142857146,3.0357142857142847,-203,5.699112103174613,0.6979530154761946,LOW
2018-03-29,-3.1473042513155622,-1.4571428571428573,-2.3285714285714274,-1.4857142857142858,-1.5642857142857147,-112,-6.445578373015863,0.5114977724206113,LOW
2018-03-30,-2.839281144323671,-0.6642857142857146,1.25,-3.8000000000000007,6.699999999999999,86,-2.4696145833333247,0.3526196027777573,HIGH
2018-03-31,-2.1986427902864083,-0.6142857142857139,-2.2785714285714302,1.4714285714285715,-1.5000000000000002,-224,7.5818675595238005,0.26262033690476017,HIGH
2018-04-01,3.2476380747498226,-2.9714285714285706,-4.757142857142858,0.6071428571428568,2.0999999999999996,-194,7.155230654761922,0.09922185972224895,LOW
2018-04-02,2.6382738483436867,-0.992857142857142,-1.1642857142857146,-1.4928571428571433,-1.392857142857143,182,0.9833164682539746,-0.07246254007937836,HIGH
2018-04-03,1.2911580001293999,4.642857142857142,4.928571428571427,4.664285714285714,-0.942857142857143,68,0.3675446428571405,-0.13361492063490488,HIGH
2018-04-04,1.5660061734385842,2.7214285714285733,5.199999999999999,3.042857142857142,-0.1142857142857141,49,-5.598156250000002,0.11229510376982432,HIGH
2018-04-05,-0.42555146976362224,-2.0214285714285687,-4.014285714285714,-2.5785714285714287,-1.3142857142857143,-220,-1.6986969246031691,0.23421773769840826,LOW
2018-04-06,0.40938583182367694,-3.9142857142857146,-2.6428571428571423,-6.628571428571428,-1.7428571428571427,365,-5.194094742063498,0.1943635015873042,LOW
2018-04-07,-0.3646275556418246,0.9214285714285708,3.392857142857139,-1.442857142857143,-1.7428571428571427,326,-11.00040724206351,0.20311127440474763,HIGH
2018-04-08,1.444837972847651,1.9285714285714306,2.8142857142857167,1.0571428571428587,-1.4857142857142855,282,-7.676365079365084,0.3503905055555734,HIGH
2018-04-09,0.7479916294642912,0.6071428571428559,1.6428571428571388,-1.4642857142857135,-1.4785714285714284,-278,-0.09588839285714812,0.4647587297618969,LOW
2018-04-10,0.4216820301716737,1.3714285714285719,1.6714285714285708,0.7857142857142874,1.9642857142857142,-144,0.6937296626984022,0.5903272416666709,HIGH
2018-04-11,-0.6155476001768463,-0.678571428571427,-1.5357142857142847,1.1357142857142852,-1.3571428571428572,-12,6.140262400793631,-0.35672681031746123,LOW
2018-04-12,0.08373653974723538,1.0571428571428587,0.8071428571428605,2.6428571428571432,0.042857142857142705,-132,1.3455510912698685,-0.5350498069444356,HIGH
2018-04-13,-3.6415788151311226,-4.764285714285714,-9.514285714285714,0.10000000000000142,12.842857142857142,-526,14.586223710317455,-0.4807959130952426,LOW
2018-04-14,-1.7564848278985465,-2.12857142857143,-2.1357142857142897,0.4571428571428573,-1.3571428571428572,114,4.09748759920636,-0.5842457990079453,LOW
2018-04-15,-0.7414978433402375,-1.014285714285716,-1.25,-1.8499999999999996,-1.3571428571428572,-40,2.509235615079362,-0.6374514339285682,HIGH
2018-04-16,0.20125888543823223,0.242857142857142,-1.178571428571427,1.6428571428571423,-1.4142857142857144,-119,0.03858581349204826,-0.6198582394841452,HIGH
2018-04-17,0.5916541796066177,-0.40714285714285836,0.0714285714285694,-1.3285714285714292,-1.1714285714285713,143,0.3243120039682452,-0.5677553476190482,HIGH
2018-04-18,1.4222743929374602,0.8428571428571416,2.521428571428565,-1.4857142857142858,-1.1928571428571428,230,-1.9137023467432925,-0.4798597945744376,HIGH
2018-04-19,2.1983355773749977,2.8214285714285747,5.042857142857141,-0.26830357142857153,-1.092857142857143,219,-4.784201850711526,-0.2886472052887328,HIGH
2018-04-20,2.395698133448157,3.142857142857146,5.171428571428571,-0.23437499999999822,-0.07857142857142858,166,-1.8467078030924995,-0.07723171917761817,HIGH
2018-04-21,2.0655823639519575,3.2428571428571438,4.764285714285716,1.015625,-0.7,54,3.81206848659005,0.15377330562398583,HIGH
2018-04-22,1.771518667005779,3.5,4.535714285714278,1.5513392857142865,-0.7,9,3.8610387246852724,0.4086905625683883,HIGH
2018-04-23,-0.08303647878441822,0.778571428571432,-1.471428571428575,2.4799107142857153,0.07857142857142863,-290,4.474478704844003,0.4066659345922474,LOW
2018-04-24,-1.1751279966415495,-1.0625000000000018,-1.9071428571428584,-0.050446428571428115,-0.7214285714285714,-13,1.280020371510659,0.13388124709222637,LOW
2018-04-25,-1.2234101896224487,-1.3156250000000007,-1.6357142857142861,0.043750000000001066,-0.42142857142857143,-31,-2.364722666940338,-0.08663691656403216,LOW
2018-04-26,-2.943744984650536,-4.637053571428572,-5.857142857142859,-0.4499999999999975,-0.7214285714285714,-28,-7.1604270491242445,-0.3632263088303773,LOW
2018-04-27,-0.48828533575474253,-2.944196428571429,-0.8928571428571459,-1.0741071428571427,-0.7214285714285714,210,-3.030092227695654,-0.7344667106161182,HIGH
2018-04-28,0.251913896474381,-0.758482142857142,-0.7285714285714313,-0.4062499999999982,7.978571428571428,4,-1.8133551245210384,-0.7710126977192644,HIGH
2018-04-29,2.136181408551689,2.934375000000003,5.292857142857141,0.7508928571428584,-0.7214285714285715,105,3.689862137383699,-0.34333234057640283,HIGH
2018-04-30,-0.7679474950024954,-0.15848214285714057,-0.8071428571428569,0.8651785714285722,-0.3642857142857144,-117,-3.836804033251248,-0.18443295565580797,LOW
2018-05-01,-2.9593145800611538,-0.7763392857142826,-6.607142857142859,-1.1669642857142843,-0.6642857142857144,-17,-1.441048576902034,-0.9948948604177019,LOW
2018-05-02,-2.288700288992409,-0.8861607142857117,-3.1642857142857146,-0.2035714285714274,-0.7785714285714286,-465,6.263506448412684,-1.6259441382638968,LOW
2018-05-03,-0.29203833462733186,-1.3370535714285694,-1.6714285714285673,0.1834821428571427,-0.8214285714285714,-153,2.3120000000000047,-2.9969720805456674,HIGH
2018-05-04,-0.23683083160800678,-1.2513392857142875,-0.7714285714285722,-0.5933035714285726,-0.8214285714285714,-7,0.5933720238095006,-1.8864615787400822,HIGH
2018-05-05,0.3484428700828097,0.1486607142857146,1.1642857142857181,-0.5290178571428577,-0.19999999999999998,229,0.22608482142855735,-1.2954798079067587,HIGH
2018-05-06,0.9760983329019979,0.5343750000000043,1.764285714285716,-0.8647321428571413,-1.7142857142857142,252,-1.3772068452380921,-0.5449051799305238,LOW
2018-05-07,1.5586086093857787,1.4772321428571438,2.535714285714281,-1.0218750000000014,-1.7214285714285713,262,-2.7404459325396786,0.06380256312500165,HIGH
2018-05-08,1.6087570522774328,2.30401785714286,2.3928571428571352,0.06562500000000249,-2.1357142857142857,236,-4.915396329365073,0.5774677416964451,HIGH
2018-05-09,1.472313761645971,1.721428571428575,2.9357142857142833,0.6642857142857164,-0.23571428571428577,11,-2.793009424603177,0.7447841851488093,HIGH
2018-05-10,-1.0365997778640441,-1.5214285714285705,-1.0357142857142847,-0.678571428571427,-1.5357142857142856,-146,1.4680059523809703,0.34103752480159244,LOW
2018-05-11,-0.33377093038302164,-1.5928571428571416,-3.971428571428575,-0.7071428571428555,-2.1357142857142857,-160,1.3079216269841325,0.005615724206350592,LOW
2018-05-12,1.4140379787784632,1.6714285714285708,2.37857142857143,-0.5999999999999996,-2.1357142857142857,156,-0.06403521825397007,0.44650068948413946,HIGH
2018-05-13,1.1122266002415415,1.3642857142857139,3.1357142857142897,3.3499999999999996,19.064285714285713,-158,0.48395783730160247,1.7102852083333318,HIGH
2018-05-14,1.4187658083160741,2.042857142857141,2.0928571428571416,3.8000000000000007,-1.7357142857142858,-162,-2.8613402777777637,2.4062693105158672,HIGH
2018-05-15,0.1680590816942633,-0.4571428571428626,-1.4571428571428555,1.4285714285714288,3.664285714285714,58,-4.0853467261904655,2.886268571428566,LOW
2018-05-16,0.13316034765355766,-1.1928571428571448,-4.0,1.25,-2.0,-279,-2.3773670634920734,3.3452495982142807,HIGH
2018-05-17,0.41744968512767855,-0.3214285714285712,-2.907142857142855,0.9714285714285733,-1.957142857142857,-8,-2.1350292658730154,4.055718933531729,HIGH
2018-10-13,-0.833894819703243,1.985714285714284,3.2071428571428555,0.31428571428571495,-1.957142857142857,149,-3.3369672619047606,-3.52104257936508,HIGH
2018-10-14,0.21231293780193639,1.0500000000000007,2.3214285714285694,-1.0642857142857132,-1.957142857142857,154,0.13667559523807427,-0.062498576388875904,HIGH
2018-10-15,0.6388263457556889,0.3642857142857139,2.1928571428571395,-0.8571428571428577,-0.45,148,2.3866453373015872,0.5420631795634989,HIGH
2018-10-16,1.0584122066942712,1.0500000000000025,2.9499999999999993,-1.4000000000000012,-0.4428571428571428,93,5.016492063492066,1.0499198065476136,HIGH
2018-10-17,1.8424691640786754,0.4571428571428573,2.4999999999999964,0.23571428571428488,-0.028571428571428574,-12,5.877415178571411,1.554469950396829,LOW
2018-10-18,1.856176408298822,0.5071428571428562,1.914285714285711,-0.2928571428571445,-0.049999999999999996,40,3.5242946428571713,0.08420520337301696,LOW
2018-10-19,1.3860180879054518,0.34999999999999964,-0.6714285714285744,1.3499999999999988,-0.09285714285714285,-71,1.4297693452380855,-1.3474334325396882,LOW
2018-10-20,1.2405797964113248,0.678571428571427,0.4357142857142904,-0.0357142857142847,-0.09285714285714285,205,-3.376650793650782,-1.3964408730158908,HIGH
2018-10-21,-0.3983391962129055,-1.75,-0.3214285714285694,-2.2071428571428564,-0.3714285714285714,274,-5.520357390873031,-1.2404320585317166,LOW
2018-10-22,-1.640918099767088,-2.314285714285715,2.135714285714288,-4.950000000000001,-0.3642857142857142,161,-1.8549928075396735,-0.9394446726190537,LOW
2018-10-23,-1.5629171680900598,-0.9357142857142868,-1.9642857142857135,-2.4642857142857135,-0.24285714285714283,-188,-3.469104414682519,-0.48482054563493193,LOW
2018-10-24,1.1045838056418198,3.328571428571429,1.9071428571428566,5.492857142857143,-0.5428571428571428,-162,2.3198697916666333,-0.03651768353176266,HIGH
2018-10-25,2.0012678204796472,3.4857142857142858,1.4999999999999964,4.7785714285714285,-0.24999999999999994,-146,2.0575424107142766,0.21083473214284965,HIGH
2018-10-26,1.2294150276052456,1.7785714285714285,-0.2214285714285733,3.6714285714285735,0.050000000000000044,-121,-4.239321676587295,0.1915088144841235,LOW
2018-10-27,-0.4392037763112526,-1.2857142857142856,-3.4642857142857135,0.39999999999999947,-0.5499999999999999,-132,0.4435235615079449,0.05931767361110474,LOW
2018-10-28,-2.3214731754658384,-3.564285714285713,-5.2214285714285715,-1.942857142857143,3.35,-89,0.7340731646825418,-0.026818060515864772,LOW
2018-10-29,-2.84023667184265,-3.321428571428571,-4.750000000000001,-2.0,0.7571428571428572,-82,3.4656465773809515,0.02457073908731644,LOW
2018-10-30,-3.4848382979641137,-2.5714285714285703,-4.485714285714286,-2.3,0.5785714285714286,-102,1.8856252480158702,0.04656562996032676,LOW
2018-10-31,-1.6346411490683241,-1.4642857142857135,2.0500000000000007,-4.007142857142858,-0.5285714285714286,101,-1.1573673115079544,-0.016912103174597348,HIGH
2018-11-01,-0.8694669168391993,-1.2428571428571438,1.0285714285714302,-1.9142857142857141,-0.4357142857142857,56,0.35736532738094695,-0.13069328869047325,HIGH
2018-11-02,0.3254353929434082,0.6999999999999993,2.514285714285716,-0.3285714285714283,-0.4928571428571429,273,-1.795747767857165,-0.015644117063480678,HIGH
2018-11-03,0.1146353584368569,0.9500000000000011,-0.3071428571428534,1.5214285714285714,-0.5571428571428572,-84,-1.9007185019841302,0.05698810019843137,LOW
2018-11-04,0.5171277594461756,1.742857142857142,-1.4357142857142833,3.9571428571428564,-0.45,-155,0.8564553571428917,0.13917272321428698,LOW
2018-11-05,2.8332590245427873,2.5071428571428562,2.957142857142859,0.6928571428571431,-0.35714285714285715,24,-1.9882807539682545,0.07968403273807922,HIGH
2018-11-06,1.6142544977139366,0.09285714285714164,3.064285714285715,-2.2214285714285706,-0.32142857142857145,112,0.9037053571428686,-0.09478786706349496,HIGH
2018-11-07,0.27657532242063,-0.9642857142857135,1.6999999999999993,-1.7214285714285724,-0.22142857142857145,284,-0.04237499999997851,-0.1842316071428698,HIGH
2018-11-08,-0.22172218448067582,0.08571428571428541,-0.8642857142857139,0.14285714285714146,0.0857142857142858,-144,3.675435515873019,0.04448867063491946,LOW
2018-11-09,-0.37201059243444234,-0.47857142857142776,-2.614285714285714,0.5999999999999988,-0.3142857142857142,-151,3.97408283730158,0.07493402777776481,LOW
2018-11-10,0.0926268094375402,0.6714285714285708,-0.4428571428571413,2.3999999999999986,0.5857142857142859,-167,0.7344107142857155,0.08755269345237338,LOW
2018-11-11,2.3344925789337427,2.5928571428571416,4.8000000000000025,2.7,2.05,149,-1.1279365079365107,0.056971101190477214,HIGH
2018-11-12,4.69170292011732,5.6,5.814285714285713,6.307142857142858,-0.42857142857142855,-38,-4.270828373015917,0.11703148313493017,HIGH
2018-11-13,3.1403192169168364,3.878571428571428,3.007142857142858,2.7785714285714285,0.09999999999999998,-95,0.008162698412689906,0.11876792162701122,HIGH
2018-11-14,0.38419682431849544,-1.2642857142857151,-2.671428571428569,-0.6499999999999999,-0.4928571428571429,-155,3.8836393849206274,0.04068731646824375,LOW
2018-11-15,0.00919450267425681,-0.8571428571428568,-1.9571428571428555,-0.6285714285714281,-0.4642857142857143,-159,4.603721230158726,0.07249639880951975,LOW
2018-11-16,-0.0316070630607328,-1.0999999999999988,1.057142857142857,-2.7071428571428564,-0.5214285714285715,344,1.8623095238095289,-0.13239561507934638,HIGH
2018-11-17,-0.69014079537612,-0.5928571428571443,1.1928571428571413,-0.9071428571428571,-0.47857142857142854,351,-5.702197420634903,-0.16817100694442644,HIGH
2018-11-18,-1.460668454537613,-1.4071428571428566,0.47857142857142776,-2.185714285714286,0.1928571428571429,355,-3.2088010912698337,-0.25280231646825513,LOW
2018-11-19,-2.063451790027603,-2.0785714285714287,-3.057142857142857,-1.6357142857142857,0.7928571428571429,-142,-7.153260912698414,-0.11766323908729959,LOW
2018-11-20,-1.7832066457470663,-1.7999999999999998,-2.935714285714286,-0.7142857142857144,0.7357142857142858,-136,-2.501728174603201,-0.0412759871031696,HIGH
2018-11-21,-1.3882402033730141,-1.0857142857142863,-2.2928571428571427,-1.35,-0.27142857142857146,-142,0.6831612103174649,0.08672923115074838,LOW
2018-11-22,-0.3513598429951692,-0.7000000000000006,-0.8285714285714283,-1.5428571428571427,-0.27142857142857146,-103,0.9873759920635052,0.07430894345240091,LOW
2018-11-23,-1.4140383518806088,-2.1428571428571432,-2.457142857142857,-2.9,0.30000000000000004,-117,4.460932043650814,0.06696205853172899,LOW
2018-11-24,0.8996486596359539,2.0785714285714283,3.428571428571429,1.4642857142857144,-0.20714285714285713,-19,1.4923050595238152,0.07673070932537485,HIGH
2018-11-25,1.7952456381556257,1.9499999999999993,1.8428571428571434,3.057142857142857,-1.5785714285714287,201,0.5335535714286266,0.06552608630948953,HIGH
2018-11-26,0.2621190486973788,0.19285714285714306,0.2142857142857153,-0.5785714285714285,-3.1714285714285713,-57,-0.805466765873021,0.02409103174606031,HIGH
2018-11-27,-1.0829854306849587,-1.785714285714286,-3.499999999999999,0.19999999999999996,-3.107142857142857,-60,-0.17916765873016516,-0.012496274801577556,LOW
2018-11-28,-1.2659418898809527,-2.278571428571428,-1.9499999999999993,-1.407142857142857,-3.05,22,-1.2630768849206362,-0.028759310515873437,LOW
2018-11-29,-1.5922026559265001,-2.335714285714286,-2.4928571428571438,-1.4357142857142857,-3.1785714285714284,86,-4.767646329365064,-0.0350206200396741,LOW
2018-11-30,-2.258600369867149,-3.4571428571428564,-4.950000000000001,-2.5571428571428574,-0.08571428571428497,-60,-2.4327594246031907,-0.07654489087298089,LOW
2018-12-01,-0.03348879723084863,-0.07142857142857029,1.8285714285714265,-0.3071428571428574,-3.8428571428571425,128,-1.5023769841269825,-0.039414920634911255,HIGH
2018-12-02,2.2692399003623187,3.4785714285714286,4.114285714285714,3.3071428571428574,11.428571428571429,-37,2.8443442460317385,-0.018809374999975148,HIGH
2018-12-03,4.1800125194099405,5.378571428571429,4.650000000000001,6.314285714285715,19.221428571428568,-38,5.280684523809526,0.06519626984127314,HIGH
2018-12-04,1.7986629917184231,1.1357142857142861,2.321428571428573,-3.1214285714285706,-4.085714285714286,-13,0.8741091269841377,0.0430375049603029,LOW
2018-12-05,-1.690985334713596,-3.814285714285715,-3.7142857142857135,-4.0928571428571425,-3.585714285714285,-28,3.190521329365083,-0.016941557539666974,LOW
2018-12-06,0.8320311076604519,1.6642857142857137,3.292857142857142,0.3142857142857145,-3.785714285714286,-49,2.981290674603173,0.029254935515865554,LOW
2018-12-07,3.6419076831004116,5.328571428571428,4.407142857142857,4.578571428571429,-1.657142857142857,-67,-1.4122261904762041,0.05555133928571365,HIGH
2018-12-08,0.7075629744651506,1.5714285714285703,0.7000000000000002,2.8500000000000005,5.550000000000001,-42,-1.9832351190476203,0.0022317410714407515,LOW
2018-12-09,1.466974392900278,3.1142857142857148,2.878571428571429,3.3214285714285716,-1.1142857142857145,-53,-1.7195972222222196,0.15053868055554886,HIGH
2018-12-10,0.03953833354900116,0.5000000000000004,0.3357142857142863,1.135714285714286,0.23571428571428532,85,-1.3047470238095116,0.07089625992065152,HIGH
2018-12-11,-0.6551551253019321,-0.2785714285714276,-0.3642857142857139,1.135714285714286,-1.1571428571428573,50,-0.44535416666667516,0.04592110119045856,LOW
2018-12-12,-0.6196553894927517,-0.6499999999999995,0.021428571428571352,-1.4,-1.385714285714286,39,-0.5044027777777984,0.061634737103155146,HIGH
2018-12-13,-2.4495239766649415,-3.3857142857142857,-3.1785714285714293,-3.55,-1.4785714285714289,205,-2.639426587301614,0.008144464285720687,HIGH
2018-12-14,-2.7310653618875094,-3.414285714285714,-5.057142857142858,-1.7714285714285714,-1.6142857142857143,-68,-3.656682043650804,-0.014294796626984407,LOW
2018-12-15,-3.2323166903899248,-4.064285714285714,-5.3500000000000005,-3.7785714285714285,-1.0571428571428572,-75,-0.46759672619047876,-0.05916847222223964,LOW
2018-12-16,-3.8813873242322305,-4.607142857142858,-4.371428571428571,-4.35,-1.25,-75,1.770898809523814,-0.0680810565476122,LOW
2018-12-17,-1.240787277864043,-0.5642857142857145,-1.2071428571428573,-0.2857142857142858,-1.8499999999999999,-58,2.3706299603174443,-0.017643878968250704,LOW
2018-12-18,0.22033962107488048,0.4785714285714282,1.7285714285714278,-0.8857142857142857,-2.142857142857143,208,0.9566210317460531,0.022491904761906767,HIGH
2018-12-19,0.5222869921066264,-1.4571428571428573,-2.3499999999999996,-1.0999999999999999,1.6642857142857141,-70,5.654050099206344,0.009719558531749328,LOW
2018-12-20,2.190872185559005,1.7999999999999998,1.2071428571428573,1.7214285714285715,-1.8357142857142856,-50,3.4364310515873058,0.06001796626982525,LOW
2018-12-21,3.2123730989044157,5.135714285714286,5.678571428571429,4.192857142857143,2.0642857142857145,-96,-1.6669216269841343,0.07570961309522772,LOW
2018-12-22,4.873672520919596,6.707142857142856,5.457142857142858,7.4,-0.485714285714286,11,-8.843226190476187,0.01758711805556601,HIGH
2018-12-23,3.3530054369392657,4.0928571428571425,5.407142857142857,4.871428571428572,16.37857142857143,-96,-3.3816855158730164,-0.019778998015894445,HIGH
2018-12-24,1.2237858081004145,0.8285714285714283,5.050000000000001,-1.4999999999999998,-2.0,13,0.7786329365079325,0.061803898809522195,HIGH
2018-12-25,-2.829111961166851,-3.0,-3.8076923076923075,-2.1153846153846154,-2.2615384615384615,-81,-2.437633547008545,-0.04102885683761315,LOW
2018-12-26,-4.443923435758083,-5.461538461538462,-6.623076923076922,-6.138461538461538,-2.2615384615384615,110,2.373666666666665,-0.11205974358974657,LOW
2018-12-27,-1.9415443132199917,-2.446153846153846,-1.8846153846153841,-1.5076923076923077,-2.2615384615384615,106,1.5213269230769413,-0.1173356196581068,LOW
2018-12-28,-1.839091437894833,-3.8461538461538463,-2.638461538461538,-3.5538461538461537,-2.2615384615384615,368,3.2126944444444376,-0.1173356196581139,HIGH
2018-12-29,-3.0092825076644356,-3.307692307692307,-4.253846153846153,-3.0153846153846153,-1.5076923076923079,-102,5.42891239316242,-0.11733561965812811,LOW
2018-12-30,0.3002519567539963,1.9692307692307693,0.48461538461538467,1.5076923076923079,-2.1538461538461537,-101,-1.5728824786324935,-0.11733561965812811,HIGH
2018-12-31,1.738403013517277,2.6153846153846154,1.4538461538461558,3.3384615384615386,-2.2615384615384615,-102,1.2807393162393055,-0.11733561965812811,HIGH
