date,humidity,temperature,weight
2017-01-01,98.04031007751904,15.477829059829059,50736.79007751918
2017-01-02,98.80631944444451,13.37638888888889,50657.79625000004
2017-01-03,98.40347222222226,16.181965277777778,50769.785555555616
2017-01-04,97.29229166666687,14.724111111111105,50532.60277777781
2017-01-05,96.58388888888874,9.058442361111105,50109.80819444444
2017-01-06,96.39909722222225,4.5084250000000035,50172.72687500004
2017-01-07,96.1072222222224,7.758131944444449,50553.07958333331
2017-01-08,97.23874999999995,10.721145833333335,50536.13083333333
2017-01-09,98.33861111111105,9.040472222222219,50439.831597222204
2017-01-10,99.14270833333327,8.518958333333337,50447.250069444504
2017-01-11,97.92812499999971,10.729833333333326,50438.426736111265
2017-01-12,99.21479166666671,13.31172916666667,50385.658472222305
2017-01-13,99.54597222222243,8.453174999999998,50303.354722222226
2017-01-14,99.86916666666696,7.5652291666666684,50326.231319444516
2017-01-15,99.82868055555537,8.90400625,50203.77194444441
2017-01-16,99.79222222222225,6.508114583333334,49990.119791666584
2017-01-17,99.70861111111147,5.499824305555559,50230.610277777785
2017-01-18,100.0,6.051965277777779,50182.57833333335
2017-01-19,99.36548611111081,6.420756944444445,50184.95305555555
2017-01-20,99.92604166666686,7.86834375,50184.137638888875
2017-01-21,99.26125000000027,11.12026319444445,50162.343819444446
2017-01-22,100.0,11.995979166666665,50015.775208333274
2017-01-23,100.0,8.865644444444449,50000.66263888893
2017-01-24,100.0,10.837311111111113,50028.96736111112
2017-01-25,100.0,14.089465277777775,49834.64125000001
2017-01-26,61.52777777777778,12.287699999999994,49906.24069444453
2017-01-27,-91.12347222222223,9.244174999999997,49782.347777777875
2017-01-28,99.99270833333333,8.136961805555554,49643.17937500001
2017-01-29,92.19013888888887,11.341052083333336,49897.14437499996
2017-01-30,100.0,13.943312500000003,49766.43513888882
2017-01-31,99.8152083333332,12.626118055555567,49813.74006944447
2017-02-01,99.31784722222167,12.40838194444445,49733.845763888916
2017-02-02,71.43805555555564,13.31129861111111,49726.20118055559
2017-02-03,-100.0,10.794083333333335,49759.74229166664
2017-02-04,-100.0,13.462006944444452,49790.575347222126
2017-02-05,-100.0,13.492604166666668,49659.91124999995
2017-02-06,-100.0,13.800819444444452,49620.63208333334
2017-02-07,-100.0,13.582222222222224,49453.07000000009
2017-02-08,-100.0,10.837287500000002,49280.36979166647
2017-02-09,-100.0,10.89871388888889,49206.08451388874
2017-02-10,-80.4342986111111,11.14326111111111,49343.23944444462
2017-02-11,38.60520833333327,11.65815138888889,49420.006388889014
2017-02-12,90.01416666666672,13.073611111111113,49389.84083333338
2017-02-13,90.51798611111087,10.122885416666666,49146.3547222221
2017-02-14,91.22555555555547,10.402077083333337,49113.26763888882
2017-02-15,92.43097222222215,9.331622916666667,49100.18687500003
2017-02-16,92.60263888888872,11.638556944444446,49221.01111111105
2017-02-17,93.16479166666699,14.889368055555568,49260.03270833334
2017-02-18,92.83812499999965,14.904868055555552,49193.96173611125
2017-02-19,92.17631944444469,14.48338194444444,49237.69868055556
2017-02-20,91.64541666666693,15.573888888888888,49247.25958333339
2017-02-21,91.16430555555552,16.751965277777785,49130.22118055556
2017-02-22,90.27506944444434,15.379104166666663,49079.76097222211
2017-02-23,88.33923611111092,14.17174305555555,48993.50284722226
2017-02-24,89.37354166666664,13.864645833333347,48924.25152777774
2017-02-25,90.8815972222221,12.818416666666657,48912.34340277783
2017-02-26,92.52458333333338,13.915034722222218,49022.43326388892
2017-02-27,94.73090277777789,16.777326388888895,48994.0116666666
2017-02-28,93.15916666666658,16.492736111111114,48814.77319444444
2017-03-01,94.91236111111101,14.029979166666665,48758.45159722213
2017-03-02,95.28493055555545,14.335347222222218,48738.92263888886
2017-03-03,94.21638888888914,18.935715277777792,48634.56402777779
2017-03-04,91.41930555555564,24.93521527777778,48159.31347222225
2017-03-05,93.49111111111094,20.827402777777795,47903.48513888885
2017-03-06,97.33493055555505,14.388229166666669,47740.04722222206
2017-03-07,98.81965277777805,13.86477777777777,47680.16361111112
2017-03-08,97.1195833333332,14.468770833333325,47736.97458333334
2017-03-09,97.38729166666661,15.134826388888886,47726.86020833339
2017-03-10,97.01145833333362,15.523854166666673,47625.44430555556
2017-03-11,98.2254861111112,16.28295138888889,47515.854027777794
2017-03-12,93.86194444444426,14.576854166666655,47406.13826388893
2017-03-13,97.8860416666667,13.652791666666669,47321.62381944455
2017-03-14,97.75062500000014,16.617118055555558,47444.42312500007
2017-03-15,98.8470833333333,18.66706944444445,47275.34729166674
2017-03-16,97.06506944444448,20.047263888888875,47186.14076388887
2017-03-17,99.05638888888917,26.213847222222213,47066.28312500003
2017-03-18,99.70361111111109,22.796819444444427,46981.583819444364
2017-03-19,99.68666666666661,17.95083333333334,46927.94847222214
2017-03-20,81.07013888888886,20.19266666666668,47015.17840277775
2017-03-21,98.06965277777776,20.02354861111113,46900.99597222211
2017-03-22,95.84864583333335,21.269173611111114,46666.539652777836
2017-03-23,99.46972222222213,23.074145833333336,46635.24368055548
2017-03-24,96.24211111111129,24.713951388888884,46547.15354166661
2017-03-25,86.41413888888889,27.553826388888897,46763.41993055551
2017-03-26,92.84006249999987,29.519101449275365,46989.11069444449
2017-03-27,70.53341666666667,31.284645833333343,47661.31243055553
2017-03-28,92.58184027777781,33.189770833333334,48619.84416666668
2017-03-29,96.82152777777759,32.8025416666667,49116.32881944438
2017-03-30,94.82770833333328,32.69588194444446,49311.26145833326
2017-03-31,89.42783333333344,33.877069444444444,49625.99930555554
2017-04-01,89.79246527777772,33.90060416666667,49802.159930555594
2017-04-02,89.95041666666671,33.72371527777779,49890.22708333342
2017-04-03,92.14874999999998,33.25291666666668,49851.67375000003
2017-04-04,93.67020833333338,33.013124999999995,49313.89743055553
2017-04-05,95.60861111111114,32.95985416666665,48909.91201388881
2017-04-06,95.47638888888892,32.97377777777777,48921.43888888878
2017-04-07,95.8937500000001,33.19356250000001,49260.348958333365
2017-04-08,94.35937500000006,33.258409722222204,49306.86152777772
2017-04-09,89.98461805555556,33.87142361111112,48939.50097222223
2017-04-10,92.58097222222221,34.188520833333335,48947.688402777785
2017-04-11,93.300625,33.858444444444416,48835.60895833328
2017-04-12,95.84694444444455,33.816430555555556,48981.08305555561
2017-04-13,96.28652777777774,33.80279861111112,48748.10861111117
2017-04-14,85.64055555555558,33.846965277777755,48695.508194444454
2017-04-15,97.84159722222222,33.84435416666666,48498.57354166669
2017-04-16,84.8425694444445,33.66845138888891,48357.63145833323
2017-04-17,89.96123611111119,33.69650694444441,48054.23180555548
2017-04-18,92.1142361111111,33.7343888888889,47979.18458333326
2017-04-19,94.80236111111115,33.67165277777778,47669.20604166668
2017-04-20,92.7727083333334,33.817999999999984,50045.77159722222
2017-04-21,92.3571527777778,34.00806944444444,53465.83055555558
2017-04-22,93.2834722222222,33.86481250000003,52955.23375000006
2017-04-23,93.1957638888889,33.61102777777777,52788.95388888894
2017-04-24,93.59791666666668,33.55550000000004,52806.38972222228
2017-04-25,95.51944444444447,33.40756249999999,52186.59520833337
2017-04-26,94.24618055555554,33.50688194444443,52031.409374999996
2017-04-27,92.37824305555554,33.65825000000002,52065.93826388888
2017-04-28,92.54440277777783,33.83439583333334,52245.496736111076
2017-04-29,94.73847222222223,33.71856944444443,51816.25104166671
2017-04-30,88.93272916666672,33.95222222222223,51553.09618055557
2017-05-01,89.5958402777778,34.45852777777779,51694.35597222218
2017-05-02,93.4032638888889,34.15716666666666,51858.68694444439
2017-05-03,94.66479166666667,34.15140277777776,51940.096180555556
2017-05-04,94.95951388888889,33.91485416666664,51840.960069444474
2017-05-05,96.84277777777771,33.68308333333337,51787.86826388899
2017-05-06,95.03281944444441,34.22300694444446,51770.96305555565
2017-05-07,92.92999999999992,34.749659722222226,51747.71645833331
2017-05-08,40.247430555555624,34.638076388888884,51991.244444444455
2017-05-09,90.72666270117604,34.30187152777776,52040.8987896549
2017-05-10,93.21409722222216,34.34584027777778,52165.174444444376
2017-05-11,88.2926805555555,34.560680555555564,52069.45513888884
2017-05-12,89.00620833333323,34.73418055555555,52798.579513888864
2017-05-13,86.75487500000006,34.97670833333332,53976.80944444443
2017-05-14,80.86095833333331,34.917062500000014,55803.21916666668
2017-05-15,78.28235416666666,34.88253472222222,58253.69284722213
2017-05-16,78.58803472222215,34.7144375,59878.4202083333
2017-05-17,76.30160416666668,35.08768750000001,61398.20680555557
2017-05-18,73.51542361111109,35.14238194444443,66112.33138888894
2017-05-19,71.33247222222222,35.08072222222224,68167.49777777787
2017-05-20,73.17297916666666,34.90600694444444,68345.00430555557
2017-05-21,71.40768055555554,34.963888888888924,69730.64743055555
2017-05-22,69.85249999999998,34.96768749999998,71784.07909722219
2017-05-23,67.19799305555559,35.00243749999998,73783.84423611106
2017-05-24,66.84979166666672,35.09760416666671,74418.5699305555
2017-05-25,67.00609027777772,35.168986111111096,74796.25069444443
2017-05-26,66.13527083333331,35.03506249999999,76672.87229166669
2017-05-27,60.599944444444446,35.02938888888891,79801.10881944449
2017-05-28,57.984902777777734,35.03003472222223,81697.360625
2017-05-29,59.02520138888893,35.01505555555555,81536.83576388887
2017-05-30,60.23959027777782,35.02015277777778,81482.45034722224
2017-05-31,59.5413926267192,34.904274305555546,80953.00044409675
2017-06-01,61.24734027777777,34.86695138888887,81221.39131944437
2017-06-02,62.130840277777764,34.920451388888864,81200.5850694445
2017-06-03,64.50750000000005,34.841451388888885,81545.89451388895
2017-06-04,65.5030763888889,34.88652083333335,81116.77152777775
2017-06-05,64.86529861111104,34.676451388888914,81491.9938194445
2017-06-06,63.54240972222226,34.955680555555524,77989.14923611106
2017-06-07,69.14713194444442,34.6491111111111,72180.60381944451
2017-06-08,70.06581249999999,34.773694444444445,72017.4220138889
2017-06-09,68.68485416666664,35.020388888888874,71400.11729166665
2017-06-10,68.05220833333333,34.94063194444444,71059.8078472222
2017-06-11,65.78740277777783,35.16515972222223,71049.32930555563
2017-06-12,65.5831597222222,34.74404861111113,71032.40465277788
2017-06-13,65.72507638888885,34.81661805555559,70678.23354166679
2017-06-14,69.22349999999999,34.87625,70328.79645833337
2017-06-15,67.99687499999996,35.0076388888889,70582.36819444431
2017-06-16,66.71609027777772,34.510229166666655,71019.64048611114
2017-06-17,68.73772222222223,34.74390277777778,70884.65722222227
2017-06-18,69.32010416666665,34.74765277777776,72231.87736111108
2017-06-19,67.6765,34.69099305555556,74327.27368055549
2017-06-20,65.43219176904645,34.435468750000005,76465.10541087159
2017-06-21,66.82193749999998,34.207750000000004,77321.07430555564
2017-06-22,69.05955555555559,34.444069444444445,79578.15833333335
2017-06-23,66.1282708333334,34.192486111111094,81221.86729166661
2017-06-24,63.59870138888894,34.16595833333336,82537.10500000004
2017-06-25,65.28126388888887,33.98054861111114,83501.57361111093
2017-06-26,65.8857638888889,34.188493055555554,84685.83902777781
2017-06-27,64.01596527777775,34.10361111111109,85768.43930555553
2017-06-28,64.12652083333333,34.42818055555556,88175.96284722221
2017-06-29,65.36147916666667,34.4377361111111,91023.20340277783
2017-06-30,64.73349305555553,33.61147222222221,91227.26854166665
2017-07-01,62.74514583333334,34.07370833333328,90693.5297916666
2017-07-02,62.102243055555576,34.03215972222225,90601.98430555558
2017-07-03,62.9744652777778,33.96234027777777,90055.23062499997
2017-07-04,61.334090277777776,33.890888888888895,90048.26881944443
2017-07-05,61.65090277777779,34.10344444444444,89618.87576388885
2017-07-06,62.73619444444446,33.98191666666664,89212.96041666673
2017-07-07,64.64462500000005,33.89799305555556,89480.60500000019
2017-07-08,62.4553541666667,33.78865972222223,89180.3505555556
2017-07-09,68.28225641025644,33.75342857142858,88793.06051282055
2017-07-10,"","",""
2017-07-11,"","",""
2017-07-12,"","",""
2017-07-13,"","",""
2017-07-14,57.46391691394658,34.050351351351345,86418.85356083077
2017-07-15,67.42507638888891,34.195291666666684,86658.53909722224
2017-07-16,70.46013194444444,33.83531944444443,86993.81298611104
2017-07-17,66.15378472222227,33.62175694444444,86660.12006944444
2017-07-18,68.0008333333333,33.32936805555555,86285.12659722235
2017-07-19,67.34719444444443,33.48338888888887,86083.12909722226
2017-07-20,67.97754166666664,33.816319444444396,86195.62763888894
2017-07-21,62.17048611111112,33.400756944444424,85818.5513888888
2017-07-22,71.70881249999994,32.731256944444425,85847.40402777778
2017-07-23,70.7727222222222,32.44263194444446,85906.0666666667
2017-07-24,67.74719444444442,32.29218750000001,85521.30090277779
2017-07-25,72.56952777777774,31.683562500000008,85315.99284722221
2017-07-26,68.84817361111112,32.76420138888889,70935.88354166658
2017-07-27,62.30437499999999,34.53116666666666,53253.9524305556
2017-07-28,62.43542361111113,34.3544375,52965.53895833326
2017-07-29,67.48986111111108,34.369409722222215,52828.144097222306
2017-07-30,63.92852777777776,34.79924305555556,52381.01215277791
2017-07-31,63.37377777777776,34.69486805555555,51959.23895833325
2017-08-01,65.18143595464377,34.6807517361111,51870.098892945425
2017-08-02,66.89238888888879,34.630395833333324,51712.9571527778
2017-08-03,65.22053472222224,34.64739583333335,51544.5799305555
2017-08-04,66.10238194444446,34.40605555555557,51383.66166666653
2017-08-05,67.65704861111112,34.38380555555554,51123.17458333324
2017-08-06,66.88685416666667,34.362624999999994,54159.53187499999
2017-08-07,70.41918750000005,34.4717986111111,58188.85083333326
2017-08-08,74.4116597222222,34.56708333333334,56612.984375
2017-08-09,71.41273611111103,34.39224305555555,55716.07958333324
2017-08-10,73.92320833333324,34.784201388888874,55725.65708333334
2017-08-11,84.98223611111106,34.16777083333332,55910.25729166657
2017-08-12,84.47778472222225,34.15871527777778,55751.15270833345
2017-08-13,76.55282638888889,34.24418750000001,55354.39152777767
2017-08-14,74.6702986111111,34.170263888888876,54919.064930555534
2017-08-15,72.17861805555555,34.28985416666668,54791.74840277771
2017-08-16,69.76813194444448,33.032715277777775,54634.2690972221
2017-08-17,72.76029861111112,31.203722222222243,54591.78020833334
2017-08-18,77.15027777777777,31.31522916666668,54870.57493055558
2017-08-19,74.82957493045896,28.919986111111125,54695.80383634681
2017-08-20,79.54328472222223,26.42053472222221,54574.82847222227
2017-08-21,78.1049305555556,25.12118055555557,54621.11493055564
2017-08-22,74.04886111111102,25.643993055555534,53984.1220138888
2017-08-23,72.69283333333337,28.198701388888875,53047.169930555625
2017-08-24,73.33443055555553,27.501604166666667,53013.30715277778
2017-08-25,74.02784027777773,26.334291666666658,52938.27986111118
2017-08-26,77.99715277777773,25.77973611111111,52862.156250000044
2017-08-27,76.72011111111108,27.47243749999998,52986.09326388889
2017-08-28,80.10306250000005,25.78730555555556,53106.034930555645
2017-08-29,78.58818055555552,26.101506944444438,53099.35930555563
2017-08-30,79.48113194444446,28.23511805555555,53189.42638888897
2017-08-31,82.32961805555549,27.234840277777778,53165.66902777777
2017-09-01,85.536388888889,23.25424305555557,53125.845138888915
2017-09-02,87.40625000000011,22.007500000000018,53076.18298611113
2017-09-03,85.2555625000001,21.547340277777778,52928.75965277769
2017-09-04,72.93986805555551,21.71943055555555,52889.61590277775
2017-09-05,-64.12587500000001,22.846055555555566,53011.862361111205
2017-09-06,83.29579861111114,24.803666666666654,55553.313333333324
2017-09-07,89.65982833024259,23.87425694444444,59418.81428324446
2017-09-08,88.17930555555567,24.166076388888897,59266.23604166681
2017-09-09,78.25935416666663,25.58933333333335,59157.56840277775
2017-09-10,74.14779861111106,25.064187500000017,58706.00999999999
2017-09-11,-0.3456250000000125,25.24056944444444,58469.74069444448
2017-09-12,90.47909722222218,23.781305555555534,58244.57423611101
2017-09-13,93.72083333333336,22.018854166666685,58057.74805555561
2017-09-14,92.72069444444443,21.4747986111111,57834.88270833341
2017-09-15,91.27881944444442,21.487541666666644,57582.16652777767
2017-09-16,92.36944444444438,20.08204861111111,57284.713055555585
2017-09-17,90.86430555555546,19.571159722222237,57205.14624999986
2017-09-18,91.21850177715964,18.67126388888888,57551.8163085304
2017-09-19,90.41576388888902,19.250187500000003,58119.833958333256
2017-09-20,87.0598055555555,21.52718055555555,57943.34736111111
2017-09-21,84.97881944444444,22.990270833333334,57680.123611111136
2017-09-22,85.49953472222224,22.870006944444448,57375.13416666667
2017-09-23,85.11275694444448,22.459437499999996,57158.90166666648
2017-09-24,7.878388888888878,23.522763888888896,56939.64291666658
2017-09-25,-95.69826388888889,24.412645833333343,56669.1367361111
2017-09-26,-100.0,23.96524305555555,56446.122847222214
2017-09-27,-45.7237013888889,23.65788888888891,56228.253194444434
2017-09-28,-34.43179861111112,23.507743055555547,57638.864166666564
2017-09-29,86.29211111111111,24.49470833333332,60597.9276388889
2017-09-30,86.91215277777769,24.308416666666652,60397.865347222316
2017-10-01,88.133888888889,22.904791666666668,60265.40826388893
2017-10-02,87.93756944444438,20.31379166666666,60207.778472222126
2017-10-03,88.79875000000013,19.85709027777778,60101.069374999934
2017-10-04,88.62541666666664,18.66995833333332,60019.92423611106
2017-10-05,89.29437500000007,18.10725694444447,59977.07916666672
2017-10-06,89.15138888888885,18.056048611111112,59925.28097222226
2017-10-07,89.76055555555561,17.803395833333322,59824.171041666625
2017-10-08,90.70395833333333,17.22215972222223,59673.80041666668
2017-10-09,88.96354166666673,14.69136805555555,59548.92791666664
2017-10-10,88.53909722222221,17.613236111111096,59684.882916666706
2017-10-11,89.19263888888887,19.89550694444443,59689.614652777804
2017-10-12,89.71736111111107,19.493319444444452,59497.63555555545
2017-10-13,89.53873454643798,18.493111111111126,59501.65004974109
2017-10-14,89.06944444444451,21.68033333333333,59522.86895833329
2017-10-15,90.0077083333334,22.028555555555563,59338.153958333365
2017-10-16,91.47562500000001,21.672284722222212,59196.715972222264
2017-10-17,92.38499999999985,20.849756944444447,58923.75194444442
2017-10-18,92.48958333333347,18.30559722222223,58600.269305555485
2017-10-19,91.59388888888887,19.177791666666664,58563.68708333335
2017-10-20,92.9656250000001,19.172118055555536,58469.10229166658
2017-10-21,92.72354166666668,18.512888888888874,58462.33298611108
2017-10-22,93.88368055555574,17.225680555555556,58438.6158333333
2017-10-23,92.96152777777772,16.40530555555555,58386.33090277772
2017-10-24,92.73006944444455,16.906555555555553,58387.03208333337
2017-10-25,92.81680555555542,19.515604166666673,58305.88986111131
2017-10-26,94.47180555555556,17.808888888888884,58144.520763888984
2017-10-27,94.19506944444461,16.278874999999996,58035.307777777794
2017-10-28,92.79333333333349,15.468013888888894,58065.04145833335
2017-10-29,93.20729166666648,13.733746666666663,57879.059444444385
2017-10-30,92.59187500000021,10.372979166666664,57740.406458333404
2017-10-31,89.94048611111108,11.187777777777766,57924.873680555495
2017-11-01,90.31701388888898,14.6438888888889,57956.66416666678
2017-11-02,92.62951388888885,14.75768750000001,57786.7861111111
2017-11-03,91.54027777777773,13.316006944444432,57789.034791666665
2017-11-04,89.29625000000004,12.586381944444438,57760.72173611108
2017-11-05,88.27833333333334,13.48717361111111,57686.170902777725
2017-11-06,92.48645833333305,9.26556388888889,55037.91388888887
2017-11-07,91.93597222222195,6.4058687500000016,51458.80895833332
2017-11-08,89.10000000000021,8.12965972222222,51701.57312500003
2017-11-09,87.53819444444437,9.9119375,51569.07798611109
2017-11-10,88.17770833333319,10.361236111111115,51576.42388888892
2017-11-11,89.9772916666669,7.524588888888889,51505.75798611124
2017-11-12,89.2916666666666,6.154008333333332,51528.99208333328
2017-11-13,90.07063977746881,6.226808333333339,51410.46256529128
2017-11-14,91.29687500000023,5.234776388888891,51431.87854166662
2017-11-15,89.77361111111128,8.88592152777777,51592.881180555654
2017-11-16,87.9562499999995,9.217305555555555,51536.98868055556
2017-11-17,89.7268750000004,8.241772222222224,51453.683333333436
2017-11-18,88.3181944444442,6.855213888888889,51280.53819444458
2017-11-19,89.37243055555541,6.219236805555555,51336.578611111254
2017-11-20,89.38243055555566,5.4972833333333355,51391.67041666663
2017-11-21,88.19631944444384,6.490683333333331,51375.050000000105
2017-11-22,88.93250000000032,8.801690277777778,51443.70034722226
2017-11-23,89.36923611111108,10.080465277777769,51350.842916666625
2017-11-24,91.27125000000018,9.339120833333329,51269.54972222231
2017-11-25,90.44270833333329,6.389097916666668,51174.27576388891
2017-11-26,90.27555555555543,4.811185416666666,51238.63833333335
2017-11-27,88.9240972222224,5.626962499999997,51235.94069444429
2017-11-28,88.43138888888922,6.479753472222223,51222.72756944447
2017-11-29,88.1416666666668,6.389883333333335,51093.80687500004
2017-11-30,89.40618055555547,5.3878875000000015,51062.28729166665
2017-12-01,90.20006944444451,4.451710416666664,51099.8175694445
2017-12-02,90.14201388888893,3.696659722222223,50934.90756944444
2017-12-03,90.68569444444421,3.8610625000000027,51086.504861111156
2017-12-04,89.31013888888889,5.353805555555557,51105.894027777686
2017-12-05,89.78319444444449,7.312071527777778,51201.018958333356
2017-12-06,88.28999999999989,8.372590277777782,51122.53458333337
2017-12-07,88.41020833333351,8.122365277777776,51127.09062499997
2017-12-08,90.88659722222187,6.263011111111114,50922.134305555475
2017-12-09,90.41861111111118,3.8669020833333345,50926.88131944444
2017-12-10,90.67430555555545,3.1276451388888873,50688.729027777794
2017-12-11,90.96666666666667,2.3359361111111117,50849.79777777779
2017-12-12,90.62666666666662,2.9838569444444474,51004.733125000064
2017-12-13,91.1174305555559,3.108304166666666,50917.607430555596
2017-12-14,91.01944444444459,3.9358388888888913,50990.4754861111
2017-12-15,90.83534722222217,4.324502083333335,51013.08215277764
2017-12-16,91.3579861111109,4.502457638888893,50961.26270833329
2017-12-17,93.01090277777755,3.019874305555554,50796.86680555561
2017-12-18,91.77895833333325,2.5232715277777786,50843.46458333336
2017-12-19,92.03097222222223,4.354822916666664,50986.37868055546
2017-12-20,90.95499999999998,6.8228340277777795,51006.089027777794
2017-12-21,89.707638888889,7.94211805555556,50962.117847222195
2017-12-22,89.89895833333335,7.466708333333336,50938.20722222225
2017-12-23,91.10708333333318,7.090035416666664,50973.95430555548
2017-12-24,89.9695833333335,9.06865277777778,51069.15395833329
2017-12-25,89.10993055555588,9.49189583333333,51004.689513888865
2017-12-26,91.59472222222198,7.750018055555561,50746.217708333206
2017-12-27,92.35319444444457,6.233925000000002,50770.76291666656
2017-12-28,92.70944444444493,6.21253958333334,50841.41576388883
2017-12-29,90.97666666666615,5.140157638888889,50744.8310416667
2017-12-30,91.07743055555565,4.146843055555556,50764.72958333326
2017-12-31,89.8828825722454,6.849436111111107,50816.147865476785
2018-01-01,90.72777777777782,8.75142777777778,50688.983541666625
2018-01-02,91.73861111111134,6.072405555555553,50691.27625000005
2018-01-03,90.10430555555544,6.303852777777778,50633.86020833328
2018-01-04,89.72145833333383,6.668321527777777,50761.32444444442
2018-01-05,89.50069444444404,7.076422916666669,50747.72840277781
2018-01-06,90.48388888888863,6.332708333333338,50617.552500000005
2018-01-07,94.1905555555554,3.2873368055555563,50407.252847222175
2018-01-08,95.6388194444443,-0.6062395833333336,50382.71138888895
2018-01-09,92.31152777777783,0.4908541666666668,50624.59777777786
2018-01-10,91.16159722222203,3.083752777777779,50604.31743055555
2018-01-11,92.42500000000013,3.242468750000002,50621.43145833333
2018-01-12,91.68583333333265,3.8765715277777764,50591.31173611111
2018-01-13,92.63756944444441,3.211922916666666,50528.49222222234
2018-01-14,94.10347222222211,1.9345131944444462,50495.91576388893
2018-01-15,94.42597222222234,1.0910131944444446,50572.263125000114
2018-01-16,92.20215277777773,4.262472916666664,50585.6574305556
2018-01-17,93.65625000000038,4.124554861111113,50512.35166666664
2018-01-18,93.48291666666677,3.7419243055555578,50477.6526388889
2018-01-19,93.52881944444442,3.477298611111111,50609.97972222225
2018-01-20,93.89027777777747,3.69755138888889,50599.13236111116
2018-01-21,95.26180555555578,3.2376402777777775,50451.46576388895
2018-01-22,95.6876388888893,2.5948381944444443,50535.968263888964
2018-01-23,94.41631944444475,4.173687500000002,50632.6808333333
2018-01-24,91.49805555555562,9.175564583333333,50698.69909722217
2018-01-25,93.93083333333334,10.846416666666672,50489.768263888924
2018-01-26,94.01173611111068,8.261682638888885,50492.6904861112
2018-01-27,92.4506944444443,7.562206944444441,50446.70333333337
2018-01-28,91.16750000000005,8.055966666666656,50588.22972222217
2018-01-29,92.4359027777779,10.138902777777778,50519.553958333316
2018-01-30,94.72993055555544,7.490263888888886,50437.546041666734
2018-01-31,94.42208333333346,6.480834722222225,50391.73951388893
2018-02-01,94.77416666666653,5.2915659722222195,50386.14631944447
2018-02-02,92.85423611111119,5.354465972222221,50303.14861111106
2018-02-03,96.15173611111118,3.9765305555555535,49873.53763888888
2018-02-04,95.26472222222222,2.664864583333333,49996.932847222284
2018-02-05,94.47548611111131,3.0015131944444446,49925.00381944449
2018-02-06,96.67708333333324,0.7237006944444456,49698.98881944454
2018-02-07,97.47569444444463,-1.671179861111111,49651.05076388896
2018-02-08,97.73618055555579,-1.5649145833333344,49675.056805555665
2018-02-09,97.9951388888888,-0.7447583333333323,49736.46812500014
2018-02-10,98.02479166666623,0.485057638888889,49773.68131944454
2018-02-11,96.54138888888872,3.3481270833333348,49879.54395833342
2018-02-12,96.65916666666658,3.844721527777777,49824.00958333339
2018-02-13,97.45916666666696,2.9596798611111095,49749.13041666677
2018-02-14,97.46868055555547,1.3475784722222222,49689.10201388887
2018-02-15,96.31486111111118,2.0268562499999994,49733.12722222226
2018-02-16,95.3608954373359,3.5984538194444458,49811.15097222221
2018-02-17,94.61166666666725,4.832593055555555,49764.62145833329
2018-02-18,95.22763888888916,4.490547916666669,49737.33076388894
2018-02-19,95.36701388888862,4.197689583333332,49691.050763888845
2018-02-20,96.40479166666603,3.1125118055555556,49613.31152777781
2018-02-21,96.45118055555568,1.7002770833333345,49576.32659722227
2018-02-22,95.51520833333316,1.9329173611111103,49642.9163194445
2018-02-23,95.86951388888868,1.581174999999999,49548.35312500005
2018-02-24,95.08916666666653,1.1661305555555557,49618.10895833337
2018-02-25,95.94986111111109,-0.7315506944444434,49433.530694444664
2018-02-26,95.16125000000008,-1.05709375,49419.320277777835
2018-02-27,95.78166666666687,-1.8614534722222227,49274.024513888886
2018-02-28,96.41534722222211,-5.411130555555552,49133.340486111054
2018-03-01,95.72944444444384,-5.454276388888891,49278.03687499995
2018-03-02,96.28159722222232,-4.956368749999999,49161.391458333324
2018-03-03,95.40402777777769,-4.800750694444444,49224.674999999916
2018-03-04,93.64569444444436,-2.718572916666669,49321.86951388892
2018-03-05,92.72875000000008,3.1362159722222196,49412.07118055563
2018-03-06,94.5931944444443,3.8893791666666666,49305.82506944443
2018-03-07,93.89069444444442,3.70060625,49376.86930555562
2018-03-08,93.38416666666652,4.21803611111111,49399.942777777804
2018-03-09,93.93305555555565,5.748134722222222,49376.83152777783
2018-03-10,94.2013888888887,4.785769444444443,49415.45354166666
2018-03-11,92.86541666666659,8.43764375,49447.281944444505
2018-03-12,94.27666666666673,11.002736111111112,49402.65625000002
2018-03-13,93.89416666666665,9.401181944444447,49344.04791666668
2018-03-14,94.4322222222221,6.096895138888889,49335.88062500009
2018-03-15,94.12833333333354,4.475946527777781,49296.51451388888
2018-03-16,94.44715277777766,2.525015972222222,49179.79784722213
2018-03-17,94.6406944444442,-0.01835069444444439,49138.74840277758
2018-03-18,92.08937499999999,-0.6508493055555555,49059.54423611105
2018-03-19,86.8690972222222,0.38181249999999967,49061.95451388889
2018-03-20,87.75872222222213,3.630641666666667,49102.74854166662
2018-03-21,89.75027777777763,2.8103576388888896,49011.90993055549
2018-03-22,90.80687499999993,5.338304166666667,49101.91076388886
2018-03-23,91.60055555555564,6.391328472222225,49108.57777777772
2018-03-24,90.32798611111104,7.280850694444445,49114.86027777782
2018-03-25,89.57791666666643,8.34508405797102,49093.91465277779
2018-03-26,91.79381944444435,7.671899999999998,49030.34166666669
2018-03-27,91.45645833333359,6.222463888888891,49042.826319444415
2018-03-28,91.91645833333338,5.912657638888887,48984.278888888904
2018-03-29,92.45471546128911,4.11884340277778,48984.71164812242
2018-03-30,91.91104166666673,4.538333333333336,48958.47416666662
2018-03-31,92.98354166666635,4.393887500000002,48942.8416666667
2018-04-01,92.62624999999989,3.8454069444444454,49000.973958333314
2018-04-02,90.62402777777777,5.17386875,48956.39631944445
2018-04-03,90.439027777778,9.938907638888885,49016.11041666662
2018-04-04,90.22847222222211,14.226381944444435,48928.64958333336
2018-04-05,93.83798611111102,12.22636111111111,48856.1430555555
2018-04-06,89.68363888888882,8.71579861111111,48826.696666666656
2018-04-07,80.86484722222224,11.395291666666672,48732.116597222266
2018-04-08,79.27093055555551,14.542479166666677,48623.503888888896
2018-04-09,83.39995833333334,17.413097222222223,48531.98312499994
2018-04-10,93.71548611111061,12.756020833333336,48521.62104166665
2018-04-11,91.67555555555532,8.151738194444444,48569.30506944434
2018-04-12,89.71097222222208,8.116282638888887,48771.0884722222
2018-04-13,91.00354166666665,9.138270833333332,49202.17354166669
2018-04-14,90.61895833333313,9.126527777777781,49307.379166666666
2018-04-15,90.71451388888892,10.508986111111113,49250.063958333434
2018-04-16,91.01874999999994,11.172465277777786,49225.82305555558
2018-04-17,88.10668750000002,13.958486111111107,49128.148888888856
2018-04-18,85.09183228055944,16.256369791666675,49033.59251043109
2018-04-19,83.82920138888889,18.845729166666665,48948.88458333335
2018-04-20,82.48884027777777,19.756763888888898,48901.05027777786
2018-04-21,85.925625,18.420229166666672,48730.463680555564
2018-04-22,85.40229166666656,15.167236111111123,48709.36465277788
2018-04-23,85.67880555555556,16.29791666666666,48775.55465277788
2018-04-24,88.60541666666654,13.775638888888892,48735.046875000175
2018-04-25,88.60430555555573,12.986902777777779,48729.33180555576
2018-04-26,88.55881944444447,11.439013888888894,48730.39687500002
2018-04-27,84.12456250000002,11.897208333333328,48718.19138888899
2018-04-28,88.76266029555438,14.742538812785382,24209.566604934014
2018-04-29,85.41824999999986,16.085729166666656,-169.76970013888894
2018-04-30,89.88541666666663,19.1590625,3539.335591666666
2018-05-01,56.06694444444439,20.921972222222237,4196.300104166666
2018-05-02,-10.010673611111095,16.779486111111105,4165.141625000004
2018-05-03,90.03384027777776,20.174374999999998,4445.563000000009
2018-05-04,92.38627482228395,19.44676909722221,4816.715283070627
2018-05-05,95.04081944444454,21.154277777777768,5812.457340277786
2018-05-06,92.23546527777779,24.41193055555555,7538.246833333332
2018-05-07,90.09915277777777,28.56638194444445,9478.907381944446
2018-05-08,81.6983958333334,32.301993055555556,11330.17940277778
2018-05-09,78.81905555555554,32.800312500000004,12741.454305555573
2018-05-10,83.16478472222221,32.17416666666665,14037.658402777775
2018-05-11,89.64004861111113,29.49656944444448,14941.87951388887
2018-05-12,91.0850624999999,29.446055555555542,15952.989999999987
2018-05-13,89.88989583333338,31.18438194444443,17285.557361111107
2018-05-14,85.07840972222223,33.33521527777779,18854.775597222208
2018-05-15,78.20555555555555,33.713687499999985,20434.74458333331
2018-05-16,72.08770350925535,34.011292968749984,10481.33418470088
2018-05-17,79.8987222222222,33.89895833333335,175.82580103472145
2018-05-18,87.44381944444449,34.13872222222223,798.4170038125002
2018-05-19,88.52986805555557,34.60069444444446,1391.2124451388897
2018-05-20,80.05015972222222,34.81131944444448,2220.1373194444445
2018-05-21,77.79413194444444,34.89800694444446,3606.2067500000067
2018-05-22,72.29323611111109,35.015138888888885,5727.890444444433
2018-05-23,66.80225694444441,35.09364583333332,8030.146243055551
2018-05-24,68.33147222222227,35.16226388888887,10047.111666666679
2018-05-25,68.37527083333327,35.21142361111112,11660.847708333335
2018-05-26,70.88077083333329,35.166437499999994,13149.471041666671
2018-05-27,77.4869166666667,35.0270763888889,14364.9326388889
2018-05-28,75.21619408708082,35.16708506944448,15271.439438263018
2018-05-29,65.4586527777778,34.96478472222222,16655.735486111123
2018-05-30,64.28545833333338,35.111881944444434,17607.901874999996
2018-05-31,65.49594444444449,35.14491666666665,18396.238402777773
2018-06-01,66.94668055555556,35.243743055555555,19076.034722222197
2018-06-02,70.46755555555552,35.284131944444454,19956.225069444445
2018-06-03,67.61091666666661,35.29984027777778,20735.389861111133
2018-06-04,68.25627083333336,35.18737500000002,20846.061111111096
2018-06-05,65.95245833333327,35.195493055555545,20571.408124999994
2018-06-06,60.50636805555555,35.142743055555556,20509.034861111126
2018-06-07,56.66465972222221,35.169374999999974,20511.36125000002
2018-06-08,58.98565959666206,35.06990277777779,21031.145197708986
2018-06-09,57.38082638888888,35.04972916666668,22423.303680555568
2018-06-10,61.815847222222146,34.99107638888891,23529.294097222257
2018-06-11,54.578395833333325,34.91684722222219,23653.552638888897
2018-06-12,56.8388333333333,34.915444444444454,23827.088888888888
2018-06-13,59.97740972222222,34.898159722222246,24366.656250000055
2018-06-14,59.14617361111112,35.09218055555552,24982.064513888894
2018-06-15,53.04984722222224,35.22669444444443,15526.49353013887
2018-06-16,59.46649305555561,35.37383333333336,-150.43396249999992
2018-06-17,56.9252916666666,35.30040277777774,-153.62609375000017
2018-06-18,61.92786805555554,35.3635763888889,-154.77353263888872
2018-06-19,64.98486059921188,35.315609375,-152.15634787301028
2018-06-20,64.34564583333339,35.34350000000002,-144.69432902777766
2018-06-21,73.92838888888889,35.06633333333333,-165.79006951388885
2018-06-22,72.55501388888888,34.9550763888889,-162.47869611111153
2018-06-23,79.00087499999997,34.888659722222215,-167.86555826388928
2018-06-24,82.10256249999995,34.816312499999995,-166.52395847222226
2018-06-25,77.98323611111113,34.82756944444447,-162.61164638888903
2018-06-26,74.75648611111106,34.999368055555585,-149.26003270833343
2018-06-27,69.15556944444444,34.92789583333334,-145.63927756944432
2018-06-28,65.88370833333329,34.87381944444446,-142.6940493055554
2018-06-29,65.31047916666664,34.79806250000002,-143.9212194444442
2018-06-30,62.46208046476583,34.71521006944445,-149.900365371465
2018-07-01,60.53359027777781,34.69020138888886,-154.48961729166678
2018-07-02,58.02600694444446,34.64656944444447,28270.14791305562
2018-07-03,58.93652083333332,34.60290972222221,64267.07569444449
2018-07-04,64.35614583333336,34.31354166666667,64646.94013888892
2018-07-05,70.96569444444437,33.54009027777777,65529.23499999997
2018-07-06,61.53770138888886,33.09792361111114,65791.52694444434
2018-07-07,61.07358333333331,33.01557638888889,65788.79756944449
2018-07-08,60.67543055555555,33.27241666666667,65959.03319444438
2018-07-09,66.42959722222218,32.8551736111111,66380.45374999999
2018-07-10,72.28043500811307,32.20368750000003,66727.08549374116
2018-07-11,79.61490972222208,32.313583333333305,66739.78631944445
2018-07-12,70.83792361111102,33.43558333333334,66385.86326388887
2018-07-13,67.91627083333327,34.15547222222223,65874.1406944445
2018-07-14,74.52510416666665,33.73518749999996,65984.18409722223
2018-07-15,75.08920833333336,34.20076388888888,66099.91201388901
2018-07-16,71.51155555555556,34.686291666666634,66466.27319444437
2018-07-17,67.33552777777771,34.67576388888891,67007.94166666665
2018-07-18,65.04209722222222,34.663694444444474,67275.76194444431
2018-07-19,63.70185416666666,34.61268055555557,67633.06881944436
2018-07-20,65.18736054126103,34.72242708333333,67893.40082763482
2018-07-21,66.15531944444444,34.79118749999998,68363.34284722224
2018-07-22,62.56802083333329,35.015638888888894,68613.41645833332
2018-07-23,68.03066666666666,34.87592361111112,69492.84402777764
2018-07-24,65.05242361111111,35.01967361111112,70393.6918749999
2018-07-25,63.00509027777777,35.10633333333333,70939.64097222217
2018-07-26,62.28547222222224,35.1093888888889,71450.13583333326
2018-07-27,65.7052986111111,35.11158333333335,71835.22701388889
2018-07-28,66.56511805555557,35.205555555555584,72040.54687500009
2018-07-29,66.94311312973267,34.98747569444445,71932.3487141672
2018-07-30,61.86604166666672,35.19889583333335,71849.75986111112
2018-07-31,58.66984027777781,35.20536805555556,71708.25423611113
2018-08-01,59.36195833333335,35.05884722222224,71436.44590277772
2018-08-02,60.36065972222226,35.003326388888894,71321.83243055553
2018-08-03,62.24342361111113,35.02974305555555,71274.85208333339
2018-08-04,63.068444444444445,34.951875,71266.1670833334
2018-08-05,64.23406944444446,34.75170833333333,71158.4527777779
2018-08-06,62.71780555555554,34.8265416666667,71056.88895833338
2018-08-07,57.69740116481229,34.9899513888889,70834.54189431702
2018-08-08,56.010881944444485,34.99920138888887,70748.95777777792
2018-08-09,63.63654166666669,34.894326388888885,70635.58701388899
2018-08-10,68.99210416666665,34.685888888888904,70480.35743055548
2018-08-11,76.87972916666658,34.3470833333333,70512.98777777773
2018-08-12,75.91159722222217,34.2627847222222,70531.86118055554
2018-08-13,71.27561805555554,34.54130555555556,70409.85986111115
2018-08-14,75.18818055555556,34.50440972222223,70293.69645833332
2018-08-15,75.50118055555551,34.48086805555557,70172.70097222214
2018-08-16,72.01625209588933,34.595746527777784,69889.6193861072
2018-08-17,73.12493750000003,34.545090277777774,69778.35819444458
2018-08-18,74.20709722222223,34.48494444444444,69712.19750000004
2018-08-19,73.37902083333333,34.65382638888889,69689.21555555554
2018-08-20,72.8458541666667,34.68775,69660.6143055557
2018-08-21,73.55688194444444,34.46663194444448,69239.5584722223
2018-08-22,70.9117708333333,34.5440763888889,69295.68979166675
2018-08-23,71.06649305555558,34.538048611111094,69205.29263888892
2018-08-24,72.22354166666668,34.2267986111111,69142.17298611114
2018-08-25,79.29510416666656,33.83399305555555,69051.0925
2018-08-26,79.71930555555562,33.8535138888889,68957.14756944435
2018-08-27,79.09195445062582,33.72704513888891,68893.08176595566
2018-08-28,80.25279861111113,33.816430555555556,68842.98944444439
2018-08-29,76.85325694444447,33.879708333333326,68562.34979166673
2018-08-30,79.88145833333326,33.499888888888876,68294.74236111107
2018-08-31,82.72247392211406,33.209446180555595,68266.18814161269
2018-09-01,83.50861111111121,33.50223611111112,68511.33000000005
2018-09-02,85.29027777777762,33.37542361111111,68611.44069444445
2018-09-03,81.74273510662957,33.59319270833332,68443.73765173473
2018-09-04,81.18084722222207,33.28539583333331,68333.01229166667
2018-09-05,81.50145833333326,33.304631944444445,68293.53840277779
2018-09-06,81.51909722222216,33.06330555555552,68247.72236111107
2018-09-07,81.45942180497597,32.35450347222224,68274.0583361343
2018-09-08,83.13256944444436,30.917743055555547,68250.53423611127
2018-09-09,82.3485486111113,31.842819444444462,68247.53736111117
2018-09-10,81.95740277777784,32.073555555555565,68217.45743055563
2018-09-11,82.6814583333333,32.14225694444445,68260.684513889
2018-09-12,84.91944444444455,31.894250000000014,68290.40743055544
2018-09-13,85.01958333333329,31.305784722222214,68217.69569444457
2018-09-14,86.61972222222207,31.249673611111138,68045.17937500004
2018-09-15,87.3476388888891,31.169333333333334,68105.51666666666
2018-09-16,87.72395833333354,31.22270138888888,68058.14409722222
2018-09-17,87.48680555555542,31.68665972222222,68009.10097222222
2018-09-18,86.64529728789992,32.19563194444442,68026.07854340505
2018-09-19,85.44815923862609,32.56026562500001,68123.37623355776
2018-09-20,83.10462499999993,32.37304861111113,68162.67854166677
2018-09-21,83.51361111111123,31.637513888888876,68067.18861111123
2018-09-22,87.72729166666616,30.224041666666665,68277.89312499992
2018-09-23,89.50138888888873,30.178291666666684,68211.47604166673
2018-09-24,90.05312500000008,29.772847222222246,68175.8154861111
2018-09-25,90.76916666666702,29.577527777777775,68145.3326388888
2018-09-26,90.35499999999983,29.7480763888889,68167.58791666669
2018-09-27,89.54652777777818,31.184645833333335,68267.04923611108
2018-09-28,89.42180555555551,29.38954166666665,68051.80784722218
2018-09-29,89.74888888888911,27.880972222222212,67961.53576388897
2018-09-30,90.24840277777797,27.893791666666672,67952.62527777778
2018-10-01,91.06576388888928,28.023423611111113,67894.94861111113
2018-10-02,92.95675397929185,26.095541666666687,67833.06545684591
2018-10-03,92.20569444444453,26.758409722222236,67817.06423611112
2018-10-04,92.25999999999922,27.264923611111126,67846.82930555567
2018-10-05,91.96819444444465,27.437888888888907,67657.85784722213
2018-10-06,92.12270833333346,25.86067361111112,67459.21333333326
2018-10-07,93.45972222222265,24.198416666666674,67402.32722222229
2018-10-08,93.8038194444448,23.428097222222235,67425.93319444453
2018-10-09,94.24229166666711,24.618722222222218,67377.17638888888
2018-10-10,94.44055555555582,25.479687500000015,67286.19250000014
2018-10-11,94.04020833333394,26.462423611111106,67351.36236111117
2018-10-12,93.14784722222248,26.119381944444466,67293.07687500006
2018-10-13,92.13645833333338,27.264819444444466,67307.33326388901
2018-10-14,90.37810896692923,24.941770833333337,67250.99282568383
2018-10-15,90.76791666666682,21.479461805555555,67215.69465277779
2018-10-16,91.8190972222217,22.303006944444437,67250.97298611124
2018-10-17,92.233888888889,24.51592361111112,67315.34722222228
2018-10-18,92.72840277777811,22.64140972222223,67389.42222222214
2018-10-19,94.16749999999959,17.026479166666668,67298.53694444444
2018-10-20,94.50409722222236,18.143354166666654,67308.65409722223
2018-10-21,94.9656250000001,21.828513888888892,67427.3008333334
2018-10-22,96.2384722222221,21.481868055555545,67412.40513888886
2018-10-23,96.17152777777792,18.052236111111124,67476.84770833328
2018-10-24,95.70812500000018,18.10007638888889,67327.27812499998
2018-10-25,94.89381944444477,19.607555555555585,67388.6080555554
2018-10-26,94.96388888888862,18.838229166666654,67225.02465277773
2018-10-27,95.77326388888898,17.132048611111102,67117.53861111109
2018-10-28,96.53272243470879,15.234086666666668,67129.91750347702
2018-10-29,95.79979166666668,15.497368055555553,67287.02965277788
2018-10-30,95.37611111111096,18.742097222222213,67137.53583333339
2018-10-31,96.54604166666702,17.374256944444443,67087.10298611107
2018-11-01,96.67951388888852,16.581506944444445,66878.19888888886
2018-11-02,97.16,16.971020833333327,66887.01256944443
2018-11-03,97.92576388888938,14.8968611111111,66588.56270833334
2018-11-04,98.1102083333339,14.268249999999998,66777.91854166673
2018-11-05,97.57770833333305,16.746034722222234,66901.92895833345
2018-11-06,98.29868055555482,15.662736111111116,66685.7934722222
2018-11-07,98.57006944444474,16.577951388888895,66647.06291666665
2018-11-08,98.88284722222241,15.127513888888886,66607.92277777783
2018-11-09,98.79756944444404,13.090131944444453,66665.39944444445
2018-11-10,98.49173611111175,14.028750000000002,66747.26569444439
2018-11-11,97.93504867872139,16.704079861111122,66703.99142491509
2018-11-12,97.97486111111076,16.419180555555563,66631.97472222208
2018-11-13,97.84826388888968,14.69918055555555,66565.0573611111
2018-11-14,97.79131944444507,13.727159722222224,66577.73972222218
2018-11-15,98.04861111111066,14.177888888888889,66465.99451388887
2018-11-16,98.7965277777783,12.398277777777782,66359.13750000006
2018-11-17,99.16027777777767,9.74759791666667,66233.64861111098
2018-11-18,98.9667361111116,8.963984027777784,66364.56090277774
2018-11-19,99.11062500000003,10.141145833333336,66435.18347222218
2018-11-20,99.66090277777731,8.80672361111111,66264.65104166674
2018-11-21,99.95729166666676,7.441935416666671,66125.86951388886
2018-11-22,99.96833333333353,6.576904861111115,66216.56840277789
2018-11-23,99.87645833333411,6.818285416666666,66365.59875000012
2018-11-24,99.65451388888872,7.925891666666664,66331.8022916668
2018-11-25,99.45243055555586,9.184026388888887,66244.35930555558
2018-11-26,99.69229166666634,8.917868055555562,66160.19125000008
2018-11-27,99.73025218281563,9.730490277777783,66157.79246474672
2018-11-28,99.94152777777765,6.2686611111111095,66023.49493055555
2018-11-29,99.76013888888889,7.716697222222219,66149.67076388915
2018-11-30,99.43499999999966,7.588073611111112,66108.0592361111
2018-12-01,99.1320833333329,12.08493333333334,66011.95944444436
2018-12-02,98.83770833333315,11.483715277777776,66032.78847222214
2018-12-03,98.40694444444425,16.27700694444444,66000.73340277774
2018-12-04,99.40215277777749,12.462444444444445,65833.3327083335
2018-12-05,99.7570833333337,11.325475694444444,65780.87291666673
2018-12-06,99.37819444444528,10.946777777777774,66026.37048611119
2018-12-07,98.65222222222161,14.781819444444434,65968.4227083334
2018-12-08,99.3824305555561,13.372215277777777,65879.00118055561
2018-12-09,99.59618055555528,14.710097222222224,65843.63805555555
2018-12-10,99.91576388888939,11.78173611111111,65745.95576388904
2018-12-11,99.95652777777804,11.626819444444443,65758.72583333329
2018-12-12,99.94167642172803,12.740236111111109,65647.0886175824
2018-12-13,99.99680555555548,14.403340277777772,65573.25006944462
2018-12-14,100.0,13.098263888888884,65432.40006944455
2018-12-15,100.0,11.237138888888884,65416.89138888878
2018-12-16,100.0,8.863473611111111,65528.54506944445
2018-12-17,100.0,12.081249305555556,65643.15194444451
2018-12-18,100.0,15.571027777777784,65624.32458333332
2018-12-19,100.0,15.649861111111116,65496.66194444453
2018-12-20,100.0,17.179020833333325,65582.86104166662
2018-12-21,99.99944444444446,17.141729166666664,65616.63409722221
2018-12-22,99.98611111111111,19.91147916666666,65622.00909722222
2018-12-23,100.0,18.225284722222224,65953.17458333324
2018-12-24,100.0,16.4684375,65760.00201388891
2018-12-25,100.0,16.670798611111106,66031.51527777777
2018-12-26,100.0,19.71679166666667,65954.18805555563
2018-12-27,100.0,18.234616319444434,65819.47825316808
2018-12-28,100.0,19.922340277777774,65899.90256944441
2018-12-29,100.0,19.963166666666677,65804.51243055555
2018-12-30,100.0,20.063798611111125,65700.63423611107
2018-12-31,99.99923611111112,20.741916666666665,65830.86624999999
